mutant,killedbynt
2120,10
509,73
3517,92
5987,65
2301,76
1288,50
4623,79
4583,35
5206,40
5994,78
1245,10
5951,39
6311,86
5834,45
2466,42
8186,75
8951,56
7560,33
1871,85
7411,11
2418,38
1700,55
192,64
8987,123
8803,73
9747,43
8486,29
294,57
9850,40
7538,36
2969,38
7969,95
6894,69
383,33
3342,58
247,35
2470,36
1946,18
130,50
3402,62
3930,29
4815,39
217,84
7414,9
5752,61
7295,31
9821,43
110,10
4859,82
4338,71
7490,36
84,56
4949,12
9635,14
6053,33
3925,52
9952,9
2673,101
9130,95
8369,76
922,27
2346,35
4728,26
327,77
9728,82
699,73
3905,34
8718,70
2543,98
8440,17
397,82
7658,57
9364,16
3401,83
222,65
4820,55
9200,39
7542,65
9489,11
5395,77
5985,86
8570,54
9911,46
2029,56
4873,88
6392,14
4925,22
783,3
4050,75
7717,24
6883,60
9409,55
7433,40
1892,66
4265,61
1182,60
1411,37
5849,25
5280,56
7373,51
6571,27
4260,12
5935,37
3795,78
6289,82
5838,22
4061,82
2435,61
8278,79
916,12
3535,18
643,82
4959,125
7216,53
7201,45
122,32
9763,20
6619,84
7540,34
408,89
3163,8
4023,52
7625,63
5069,10
5735,23
2587,56
3704,106
4186,81
8969,70
3007,22
1756,54
3776,95
5181,27
4019,86
6858,24
1101,52
3046,24
7711,24
6382,100
9945,67
1725,48
5465,94
9392,81
867,34
631,101
8739,100
1676,61
8115,55
4739,60
4656,77
3301,32
8137,91
2791,33
5194,19
7647,13
2248,76
2998,15
1982,94
7475,99
7939,34
2322,35
7300,100
9247,37
2837,54
3627,99
2804,91
4919,66
4088,35
648,63
1798,35
7251,64
1707,19
862,84
8566,52
9084,98
1888,71
9246,75
3419,18
5136,48
8038,7
1665,71
8185,39
4829,65
1208,54
7769,81
5672,13
6421,36
4198,49
4504,48
4079,14
4496,33
6769,24
1491,102
5584,85
1222,57
5375,63
5751,80
5800,74
4365,11
1431,82
7878,108
689,35
9115,63
8686,29
2102,81
2042,90
9125,7
3366,103
5907,37
6014,98
1910,83
4493,93
1557,55
3895,100
2900,84
5767,35
7771,63
8340,31
9359,52
3601,124
3378,13
9796,51
3865,80
1520,37
7967,105
8648,17
4721,55
9599,69
3428,97
2546,90
7231,80
3784,49
8419,47
3158,67
3666,44
9642,43
1805,17
7117,74
6041,94
7376,26
6359,42
7432,84
3407,109
6709,84
4288,93
9517,65
1338,55
1117,121
7193,35
6490,58
737,7
5758,96
2863,89
8058,10
5521,65
428,9
6367,8
1667,76
5875,69
3360,20
5223,107
8371,27
3565,74
5093,11
8114,11
1699,20
2786,38
6678,94
3062,28
7852,8
8681,46
4676,47
1324,26
6822,14
3592,91
5590,77
8263,72
7310,40
3631,31
4788,37
4707,105
9044,40
3446,59
6166,7
4741,62
3552,38
8643,58
1726,12
5529,73
7727,117
8852,29
6009,76
3222,95
1377,116
9217,64
7931,27
9914,89
3599,76
6749,23
3607,19
8213,60
3717,55
2446,16
5107,34
7962,57
4089,90
829,82
7315,22
2405,22
2612,73
2527,24
7690,102
5394,43
7819,51
3076,45
360,46
882,42
3839,21
4097,50
8522,11
3923,53
9930,60
7152,25
9860,40
963,7
1538,14
2821,31
7743,10
2741,34
3569,40
5858,31
4809,11
177,13
574,6
7889,71
935,68
52,32
353,61
800,39
2267,82
5262,79
4024,79
4722,70
6940,87
629,96
833,69
925,81
3462,40
1071,86
4935,52
5299,22
6243,54
8047,23
9832,32
8456,67
6558,43
7047,17
1085,87
2926,40
7689,47
6372,72
6879,78
1568,63
4148,48
2181,91
4541,63
653,7
3121,60
3758,82
9157,74
3995,89
1289,65
8493,36
6388,79
3856,13
6301,52
1977,44
1414,21
7943,40
5820,121
4229,68
3794,12
4833,56
746,22
9906,20
7985,104
2309,35
5836,26
4048,27
7046,87
1285,46
672,8
78,74
4035,46
5509,78
9707,9
665,11
5234,12
9101,16
3498,20
9941,60
5560,87
6249,20
6481,62
4008,98
244,12
3774,16
1736,82
1225,65
5692,47
2712,21
8660,64
7321,28
8080,101
7141,23
3495,44
6919,49
1921,26
5417,113
5819,30
8587,81
5929,17
9107,54
7678,15
7504,77
7765,20
1347,15
792,70
4207,66
8878,93
807,84
1364,54
6100,99
9951,87
880,35
2981,44
520,72
7398,15
8030,90
6071,52
4038,19
3137,91
1907,84
9666,56
3812,96
1298,106
5867,18
6682,57
8012,25
9924,94
6621,51
4609,14
1107,93
2914,84
1681,27
3490,6
159,30
4577,76
7634,73
3984,47
1362,54
4677,77
348,11
575,98
1339,60
5312,124
7701,42
9676,24
4885,81
5789,37
7131,78
6181,80
2229,53
4171,45
5253,70
5309,26
4065,73
4108,64
1945,14
9720,47
7866,79
9438,93
3354,70
8130,75
6079,52
8630,88
6493,79
7181,55
4036,35
775,6
7791,84
3277,38
7907,74
8651,67
9370,14
4758,69
2618,69
8705,95
8312,59
2448,12
6418,7
6531,26
6602,26
3276,13
7370,99
9822,100
4947,72
4085,50
6924,85
3300,61
9187,48
2483,65
637,94
697,43
4661,85
5633,19
6808,93
2526,38
9348,43
9610,92
9966,45
8994,29
755,85
9134,52
2344,41
3643,82
9931,24
144,84
1953,90
6540,72
2582,40
9577,82
3781,73
2139,26
1202,6
9444,86
801,88
3426,115
1748,13
3976,54
669,108
8733,10
6670,75
9090,12
301,70
1838,28
1875,34
3548,13
608,64
393,48
9139,78
1256,105
6681,8
6803,88
3418,18
732,70
5943,42
5217,61
1721,73
1905,91
4343,12
6628,12
6731,18
2179,39
5665,43
6268,50
9849,36
954,76
4421,62
4883,85
8240,87
2182,94
2420,65
2428,38
3955,44
2326,74
2970,67
5213,27
3487,74
8784,32
6246,60
1072,9
529,19
9133,13
5635,76
6688,68
7372,21
4107,67
8797,67
1656,38
425,50
4313,91
4120,93
7075,36
6449,74
2513,91
1882,45
4430,59
9069,49
8175,130
5436,11
4534,79
41,56
3280,10
4471,77
9600,39
1984,37
9566,86
6127,99
45,5
1376,23
1932,15
3519,26
2333,85
5695,23
8032,101
7391,110
8525,41
7334,87
2768,77
2293,81
2613,52
4250,80
8110,113
1698,112
2007,66
3333,69
9421,76
592,51
4566,40
3381,93
2276,109
1572,10
7056,43
1259,30
4358,11
65,23
9345,27
4494,55
6297,31
2889,79
4076,36
7167,94
8383,15
1265,98
6277,100
3624,33
9995,86
3071,62
8271,45
3250,70
2471,9
6411,17
4174,20
8655,66
457,13
1012,36
1842,33
5565,48
5090,63
5331,23
6640,98
4594,71
549,34
893,21
5743,14
3383,44
2046,9
9586,81
5149,34
1674,32
5848,27
6201,80
841,17
5801,12
5416,74
2086,78
7222,72
6931,24
6247,39
2666,68
7550,11
6501,86
4922,65
9934,57
7461,62
5266,114
8244,90
1612,116
1091,47
7864,93
3532,79
198,32
6528,31
2337,35
9590,54
5211,58
1775,44
4262,86
2922,41
8646,33
3445,83
9937,50
2070,25
9202,40
2753,93
5720,74
15,92
915,36
4643,51
5401,18
2589,27
3810,64
8200,66
6365,85
5755,74
8909,36
7467,10
991,30
6534,69
8179,57
8039,11
9266,79
2031,60
5457,40
2305,25
1487,81
9820,77
315,41
6413,51
7684,72
1943,63
7346,69
6719,11
133,46
3941,52
4539,72
3953,56
9116,96
337,22
7045,63
6774,57
7858,97
8818,5
749,27
6666,108
4403,93
6669,94
1536,17
9644,33
6018,9
114,94
5139,87
1269,58
2080,24
1296,33
651,51
3760,92
5571,54
5921,76
7118,95
49,70
8719,85
3858,70
3783,85
2117,114
66,47
7903,6
1848,87
127,60
4031,99
3205,94
604,58
7844,43
7996,15
616,95
1173,14
5455,78
6248,89
4195,29
9718,70
7084,82
6354,100
6225,9
5013,84
1121,108
7452,81
5454,84
1544,39
5096,36
2623,119
2252,104
615,99
957,98
1633,7
5185,86
3087,81
3458,92
5811,29
5550,56
6126,58
9625,71
8435,31
6970,18
2376,27
2127,83
2431,36
6781,77
8939,41
2609,62
4160,26
8207,74
468,12
4473,61
5017,24
6292,26
3842,37
4590,70
361,104
2851,72
2387,63
4227,67
7886,11
4439,88
8,10
1995,25
6979,26
6230,72
7283,53
1495,90
2696,30
9605,19
9417,63
4382,91
3275,76
5381,19
9508,11
3811,10
2577,57
437,86
8613,64
9017,92
7826,6
7597,64
1263,41
2442,64
7753,77
1724,55
3053,6
5944,97
9803,85
4468,87
9305,59
948,23
4555,107
2096,57
7839,48
2715,11
4208,60
3358,90
1304,15
7725,8
8995,62
1988,107
3079,24
2006,29
3952,62
9177,60
1420,40
6676,92
9641,17
8684,88
1998,39
878,28
3948,110
2980,87
4513,104
5442,62
2772,11
2857,88
5212,87
2826,32
8893,9
152,96
6238,68
4559,75
3156,87
6639,62
270,75
5051,11
4004,60
3405,49
1693,39
8766,35
555,45
7610,8
597,90
3936,38
2617,8
9819,89
4754,61
6047,103
1650,31
5288,34
5704,14
7088,29
5278,82
8076,51
2168,94
8176,52
1606,78
7908,74
4016,95
5297,46
4043,35
2739,65
4690,37
3009,85
9748,83
3443,20
9917,43
8635,85
1189,71
8284,51
3855,15
3798,20
211,98
1473,67
4887,67
3863,69
9689,103
8696,8
8074,64
6028,93
9350,61
2290,6
6024,54
2949,47
8548,64
8432,94
8382,53
655,24
8521,81
1032,16
4576,45
1545,12
7439,82
9716,80
9328,58
7582,39
8944,89
7793,12
7317,63
345,50
4929,84
974,64
6330,36
5956,38
6557,24
9949,99
9447,103
9280,29
2939,37
3060,103
7055,49
1979,21
7212,93
7748,69
3787,66
4467,15
668,54
2735,73
3303,65
6387,76
9145,90
3571,55
9614,71
6627,55
2239,19
209,112
5335,11
6121,94
9878,75
6378,130
4759,70
2789,10
17,112
2458,125
3533,85
3072,106
2002,6
7312,94
7990,73
9606,43
5636,56
1057,21
9479,6
7668,71
581,90
8787,81
179,64
4785,24
4782,74
3802,7
4789,17
5238,74
9436,69
2210,82
7422,14
3261,14
7417,26
2855,9
3472,30
3645,10
6497,44
9597,103
681,64
4445,112
2393,7
2118,51
6685,17
4283,63
6771,88
3284,41
6966,73
5434,6
4835,34
6049,79
1580,55
8333,53
1430,49
8669,82
8290,23
6590,34
6616,33
7790,70
7099,52
3387,45
8848,46
8373,46
9681,76
3101,18
7077,59
2523,101
9449,12
1944,84
6830,75
8487,8
8827,13
680,99
2035,112
2611,50
5228,23
2880,74
6667,90
1971,76
7404,15
5408,21
7821,66
9531,68
3632,42
4899,64
7616,33
6254,58
6978,77
7965,79
877,40
8489,28
712,42
9206,96
6792,120
5197,37
5392,33
6758,15
2487,88
2974,107
5709,9
3576,112
3126,105
5574,33
5923,51
9339,10
8469,33
7730,26
1931,100
6259,80
322,107
8555,9
6687,98
2049,64
6916,73
6518,77
7745,62
255,61
2141,92
9900,55
2340,17
7522,49
7501,20
8127,62
4876,89
3054,38
412,43
3103,46
7536,64
8541,47
5826,64
7074,59
8377,57
9310,62
3380,72
2084,5
6768,18
803,75
3262,72
6361,26
7254,7
5154,33
3845,36
6386,97
8580,10
781,106
2044,10
4956,52
191,41
2011,83
5866,86
5957,9
6139,22
2977,68
9626,66
2779,35
6592,117
6313,68
6283,25
7776,60
4615,71
3118,61
6698,98
7406,24
7218,71
2562,26
8979,21
6783,76
1295,32
2648,78
5062,13
5882,9
6799,20
3526,12
2157,76
5613,25
4784,66
9574,99
6870,64
6326,7
9869,76
6090,80
6104,66
3633,20
2708,89
3686,59
8053,35
3899,28
7424,38
7800,41
4098,93
5068,53
2124,69
4792,21
5339,34
1029,37
5913,47
2228,35
9099,22
4188,12
9519,11
7645,5
6599,52
4732,11
3803,78
6077,51
5644,64
578,25
4117,9
5824,83
8911,40
2685,96
9569,97
2140,72
384,10
5876,77
9547,30
2068,77
7971,69
8163,40
1957,51
7532,11
2306,5
5026,107
733,35
4037,18
6584,73
6124,83
9231,78
1128,21
9892,54
8173,72
2539,29
3871,94
5474,84
5071,65
7350,103
3173,26
3701,85
7367,53
8389,37
5949,67
140,66
9034,77
2253,16
7554,96
1688,65
382,99
1711,67
8295,100
105,10
5914,46
1442,53
1628,77
3421,89
2089,84
4783,68
1452,92
5045,109
296,15
3465,85
102,109
7123,39
1243,65
4595,55
3938,68
3247,111
6958,53
1962,50
1999,19
4573,12
5582,23
9141,63
6722,60
7775,91
6704,100
1881,27
4423,94
7369,30
3075,55
8327,77
4339,43
8932,97
6573,109
7528,102
9265,77
559,28
8067,44
1330,42
6954,49
7700,107
613,40
6118,36
6711,14
6396,50
6543,88
7396,50
8838,25
4054,82
2784,90
1498,82
3694,53
3813,94
2345,15
5057,33
4484,73
8539,45
7409,107
8238,97
8549,90
557,38
2115,31
3355,7
5623,80
388,101
9373,53
1935,98
5372,13
3605,86
3560,22
2868,32
7009,12
8055,21
2842,32
7207,52
2423,73
6043,77
3114,68
4578,27
2329,57
7803,101
9136,40
9146,88
3323,52
4897,40
5123,107
1346,87
9639,42
9032,11
6524,67
7306,91
7229,38
5557,61
5640,68
7623,13
2606,44
9994,85
2649,68
7777,18
7062,36
1913,54
2642,35
4968,81
4854,21
5296,7
6207,23
7338,56
3791,49
3449,61
5917,65
1246,59
3689,30
3768,10
7957,49
92,21
5991,79
5333,101
9299,31
1132,14
6598,6
7038,87
5995,80
5386,108
2832,76
3459,60
6463,24
6227,120
3302,10
4166,25
5961,94
8475,41
2945,15
7168,22
8396,52
9292,63
3975,33
4889,38
9714,84
9406,69
7579,70
1402,25
4966,77
4763,76
670,70
5528,9
2717,6
9282,19
9432,70
6496,82
2862,43
3706,82
335,101
3912,22
5158,101
7051,30
3133,32
3134,106
5829,17
2484,64
2754,40
3065,82
4546,14
5295,31
6038,11
8901,73
7666,55
2790,90
4042,27
4969,22
9347,61
9873,24
7271,4
1965,126
1843,8
2803,6
7786,34
8735,13
5104,23
7847,100
5214,80
5183,49
9294,9
8490,90
6839,9
9149,26
9798,44
3722,11
5859,30
6451,11
6494,50
4242,34
9063,19
6098,42
7308,43
4895,64
999,49
5555,44
1486,44
8863,7
453,69
583,20
7024,57
6174,61
765,36
433,81
4427,35
4017,55
1320,75
6086,87
784,83
2684,112
9835,58
3321,10
8782,66
2622,74
3816,66
9692,21
2796,69
5745,43
4122,58
3894,94
8241,92
6506,22
4483,70
2203,51
2447,32
3735,71
6002,47
3157,24
5423,67
134,23
1684,78
5975,97
3473,45
704,45
7723,64
1359,29
7757,51
9746,11
174,94
8116,38
1291,85
9601,64
3620,11
6708,14
3352,85
6510,74
221,56
5255,21
6188,67
5397,85
6454,85
2897,63
677,18
8560,82
9434,92
8251,18
8592,11
859,67
8506,29
8020,37
5854,21
9095,8
920,75
4398,24
2061,55
6626,15
1455,73
7179,82
1103,91
3500,106
4553,79
4878,43
4898,36
2697,31
6835,44
6920,12
4301,68
4817,64
8092,6
3214,92
7331,14
7925,40
9121,24
1125,28
4871,45
9175,72
5894,63
330,67
6284,7
3648,67
5469,17
4544,43
2807,14
2099,33
1759,33
3206,19
2269,101
4799,76
7272,72
2169,86
8576,62
9331,90
7195,22
9180,82
7549,38
8362,26
8691,106
6652,117
8957,44
5067,8
7454,29
7503,105
7781,27
9045,9
213,79
6261,30
7112,36
1800,42
6251,34
8894,19
6050,7
3083,25
5460,49
9251,10
9634,60
8971,20
1615,80
7050,112
1002,84
5285,19
7547,73
9425,90
9343,68
3659,44
1845,36
9505,65
5286,81
3180,69
9005,44
3663,100
2220,70
5777,63
54,102
1112,20
9155,10
4381,90
4765,71
2556,57
4067,57
5049,99
1088,94
3521,44
4638,23
9652,14
3738,82
1035,29
7635,16
8253,14
7983,56
1221,38
2718,33
4330,5
3153,75
4694,26
9375,81
7607,52
8516,47
424,71
1911,96
7762,67
537,25
6910,75
6329,49
5482,30
8310,39
8707,53
9094,31
3892,11
8400,22
4143,36
5148,66
7646,25
1389,12
8237,91
986,20
7872,44
5522,92
6350,19
577,20
6679,66
9991,49
1278,38
3806,90
4027,36
7972,72
2960,98
4081,10
3227,23
8986,47
1554,37
4294,71
9812,88
3916,88
6362,113
2481,96
6587,86
3179,22
8634,33
1662,56
2499,9
8760,32
1163,19
467,76
7436,9
6950,39
4841,55
51,55
5546,101
6437,10
5318,47
9778,43
2558,61
3909,104
4948,87
3914,62
6991,20
154,28
8174,55
6582,105
7000,52
8355,68
2460,63
7441,64
4329,68
599,11
1949,88
7587,118
8146,5
9564,68
9990,56
5713,38
1705,25
8124,98
1449,90
2968,53
6285,7
2439,94
4441,24
4552,39
7248,37
8006,68
1734,17
9643,77
7069,60
6101,36
8720,71
565,28
3861,78
4675,78
2271,84
423,33
8223,55
9759,49
201,70
493,9
6189,50
4157,12
5719,98
7676,101
6707,54
5682,18
5112,12
7390,90
2383,84
6281,32
1293,65
7566,35
1147,39
7135,8
4939,20
2403,18
1631,76
3374,79
7799,84
8740,89
5448,39
7511,78
2740,44
2159,85
3194,99
563,45
9703,74
3522,107
3024,46
9507,72
2156,76
5450,87
9242,117
7737,60
8485,87
4302,83
1883,55
4083,48
6087,43
654,99
2550,9
6324,76
5648,45
3736,70
3167,110
71,10
8912,31
1155,15
3456,22
1658,48
6856,63
3218,8
6257,97
2548,73
62,73
5936,23
415,25
9323,102
4601,69
4589,48
6555,84
80,11
8568,38
6794,72
5250,63
7381,75
676,47
4344,40
2658,68
448,65
6997,13
6177,62
7043,40
9089,39
6896,90
3434,32
9921,112
9388,66
4002,49
5714,90
825,49
2092,85
2272,55
2332,102
1053,80
5391,56
4798,20
5079,23
1448,55
5169,7
6165,48
6800,40
2147,85
6905,59
5451,46
1375,25
8807,77
4775,13
9824,104
3927,74
3946,52
7508,40
9887,89
3732,63
1514,75
5143,24
4514,85
7416,26
3846,37
276,44
7651,88
8783,69
4698,51
2508,50
1417,41
5776,98
6327,41
1210,49
1687,44
7477,55
8536,29
9324,54
56,25
6791,76
5939,36
8708,51
401,15
9889,72
1629,70
8617,90
6342,21
3951,74
7817,39
3025,63
5518,71
7896,29
1563,90
2775,66
1670,117
6333,67
40,28
2079,64
8296,39
6866,64
5128,6
7632,69
9297,24
9654,75
3190,6
8265,29
3508,113
5910,40
7910,58
6735,71
6807,20
3883,37
967,20
7,40
1048,13
4860,104
7384,76
4714,103
8788,6
2591,97
3579,12
3817,69
8738,47
3041,115
4181,108
2634,45
4440,84
9902,23
3002,48
587,113
3996,97
9598,25
9336,66
3536,46
6857,49
1948,69
7451,86
9374,70
88,28
5918,46
4305,60
7173,96
7956,52
1129,23
5877,85
1832,66
6051,70
8727,119
3635,41
6538,84
7492,46
5621,9
8025,47
1959,36
8122,62
4413,58
850,85
7707,93
7354,81
2176,84
5617,18
5435,54
7893,22
9464,68
6993,20
4622,36
8158,10
1379,67
9552,63
9002,61
2265,33
4962,40
4337,23
6806,68
7867,9
3238,86
2943,54
1831,30
2056,69
5226,69
5330,59
418,85
4071,27
135,86
4807,36
4300,94
7049,8
1772,38
220,55
7995,55
2994,24
9697,77
3273,95
7380,26
3940,98
1578,23
6672,30
100,24
7042,82
2916,91
268,53
4911,27
2664,78
511,47
5173,51
2699,68
2703,51
7223,80
8273,22
6809,67
4990,91
3084,19
3595,93
5019,81
7405,23
4371,62
5271,16
589,39
1096,47
762,32
965,25
1766,105
4268,93
4856,73
730,78
4141,81
7239,56
679,84
6713,77
6319,10
451,89
962,37
1044,24
5661,47
4077,22
1587,39
4961,59
7521,31
6525,92
429,61
9366,80
4874,40
4702,94
6610,41
5790,76
4206,92
6552,46
2651,101
5588,44
4736,14
3800,9
231,23
4695,61
9327,82
1747,39
5865,74
1877,62
2541,41
5267,103
6631,116
5592,38
8507,76
1701,70
5481,103
7539,99
8922,26
8973,19
5764,25
1807,109
9100,92
6804,52
512,42
1492,66
4521,104
3757,63
3189,68
694,62
1861,7
4331,36
5205,41
9037,48
2927,64
1262,11
9233,18
4995,60
918,83
5083,80
8927,51
6797,36
518,45
968,53
7120,36
6088,30
8220,111
9717,91
5219,9
9445,12
8402,108
0,26
9204,9
7935,74
2554,7
5037,58
5520,64
2060,86
2905,52
5486,31
2828,103
3187,32
8837,59
8190,93
3980,54
8917,49
9477,87
2678,65
839,19
3559,21
3152,16
2022,23
8342,18
1374,85
7108,99
3915,83
6913,50
1887,11
6777,93
9371,66
848,41
7764,109
2882,9
719,40
6144,7
4239,64
5321,13
2075,44
6697,62
3274,79
3931,63
2193,81
3460,82
5657,87
8545,61
7037,52
955,60
1806,29
6841,55
4691,12
9441,22
5368,30
5476,45
9616,10
9627,58
1708,39
6845,63
7533,29
1075,86
1786,94
1136,36
6295,12
3853,14
5583,94
6223,72
7485,47
8880,20
6854,104
8985,122
5539,71
2728,70
9264,88
8198,63
1395,113
3542,13
8224,60
1981,54
888,31
7357,23
770,9
9213,3
5598,72
2569,64
9046,64
1232,56
4095,63
4621,89
2088,93
5596,95
644,32
1349,88
4146,81
3454,68
1951,86
414,45
5895,85
2107,93
4813,77
2389,42
3807,85
9901,32
5783,69
5089,34
887,53
4737,17
5541,65
3550,25
3166,53
695,61
6650,85
7246,22
9721,107
8849,14
2388,23
7877,20
5227,20
128,29
8091,56
9178,69
4261,41
7129,32
7596,106
5373,59
6059,87
9040,54
580,95
6636,100
7094,38
2512,53
5784,28
4748,51
898,84
1276,6
3106,75
6094,62
7039,16
5075,44
3064,65
1273,58
6148,27
3198,84
400,41
8710,41
6533,20
8467,43
6960,28
1583,77
5433,53
2601,81
7602,29
1512,72
6137,51
1823,67
8682,67
4297,96
7892,44
452,18
1595,66
303,82
3392,98
996,73
4557,6
9015,38
298,76
1108,98
4018,94
5467,93
6164,64
6820,88
9884,47
4385,63
5816,11
7052,101
4321,53
4252,73
8208,48
8557,17
373,70
1659,95
2667,29
9767,59
6994,85
3188,24
3567,103
4954,37
3636,93
2951,89
1855,8
2917,103
2094,17
7335,42
706,41
3031,64
1242,93
5052,51
6452,26
1197,77
7302,97
4992,40
3115,56
5822,73
5113,12
7733,20
6332,53
9240,21
1247,23
6266,46
8958,46
4452,104
9854,107
9174,88
4641,26
2062,59
6145,100
8315,50
1311,58
3999,25
4041,13
3902,82
3712,52
5614,43
7428,18
2887,80
1260,103
4209,96
7815,13
6727,56
3022,20
7358,14
5449,51
8167,56
901,28
7270,93
9932,88
4827,73
9210,27
4866,17
1789,42
4909,50
6431,24
3637,91
5658,102
8149,59
6466,103
7149,20
9492,61
6700,43
8262,71
504,39
3959,87
4060,33
7812,88
8046,94
8235,90
8659,42
4727,33
3143,69
1869,27
869,114
1065,38
1045,29
6938,10
9684,46
1076,98
5239,72
3160,87
6395,71
776,9
9497,7
9789,68
6988,12
797,95
717,52
5446,76
1503,38
3890,99
4499,84
7200,70
6109,106
5473,18
7177,18
8111,59
8885,27
7843,13
1509,70
409,65
5263,38
8339,41
5851,6
9309,17
6371,36
3970,31
5878,29
1754,45
5383,82
4073,25
4834,66
6083,9
6176,84
7912,63
4647,43
5039,29
2797,53
6063,84
8463,74
113,49
1586,66
5162,71
2567,31
141,23
6075,94
1808,33
1522,84
3907,67
4276,93
1037,107
1042,93
4216,46
3625,19
9927,30
6424,39
5872,103
9527,61
849,68
5779,48
6703,105
7349,79
6029,101
8815,61
5420,72
3746,20
3687,95
7833,10
5,100
8414,47
6032,13
7938,49
6073,43
8503,85
3243,30
4387,82
5952,67
1597,68
3385,57
4755,13
6646,44
8896,99
9014,107
5012,38
3130,90
6773,79
945,69
6878,46
6068,70
7726,34
8589,24
9079,38
757,92
506,47
2143,106
2392,113
7268,42
7992,81
4912,12
8991,80
4074,55
844,6
932,41
2947,89
9773,69
8443,77
1900,98
7080,77
8599,6
6151,56
6712,79
1903,94
6683,34
8800,35
6770,66
1533,94
3068,46
4327,49
9111,13
9769,24
614,79
6404,49
9248,62
9311,46
6745,88
5841,97
1292,69
4214,75
8706,102
9411,101
8468,61
2284,40
8715,38
8320,92
7228,20
3320,96
9846,50
3251,45
9844,47
2662,18
1047,22
2663,56
7506,22
8313,97
9189,59
2831,68
1462,88
1720,71
4000,79
8511,48
8479,66
6515,44
759,41
1231,10
936,46
9341,64
307,8
6339,95
6154,13
1418,58
6630,86
9398,36
1873,42
8084,79
9372,7
111,93
5626,14
1294,51
5873,70
1722,27
9367,8
1036,74
8999,65
763,63
7023,57
4202,80
3707,100
4640,71
7630,12
5631,65
4751,54
6761,40
7612,75
5754,35
9568,29
2590,38
7500,72
8457,73
2584,54
417,97
4717,30
4648,62
4692,68
1386,47
1584,11
2691,98
3488,31
8015,84
6706,36
8384,8
234,111
3509,87
7070,91
147,36
7639,88
5179,26
2125,78
1109,54
2480,43
7267,84
7570,91
3475,24
7589,31
5782,40
4310,36
979,89
2303,99
6507,97
2095,25
799,34
1596,103
4013,13
4200,8
2843,11
9170,55
2759,49
3398,95
196,107
7247,71
35,12
9815,80
3885,105
4582,100
7122,20
4869,67
619,65
3077,7
4963,21
1938,20
1537,79
8495,71
2875,80
3403,30
7364,86
4616,41
8458,45
4131,65
9536,89
5265,11
7672,15
9687,38
8073,7
7130,82
6939,39
9268,100
9959,26
1180,52
7702,95
8481,67
6287,94
8575,25
5785,80
2000,72
5010,84
1833,26
871,70
872,65
5275,37
2827,27
7525,66
7243,84
671,21
1385,57
6744,69
8638,62
9003,89
6375,12
227,40
391,29
7114,65
6095,81
9349,10
3721,90
4888,57
5430,41
7294,32
521,13
3764,79
7535,98
9396,107
8195,56
202,36
8216,26
3903,83
1901,20
2736,52
2840,51
6825,90
6377,26
3091,10
9394,66
2275,73
9470,8
6414,9
9780,73
1541,23
6775,20
5629,91
4362,21
3145,42
4852,70
6271,32
7882,44
8452,89
5990,42
6286,60
6832,104
956,31
5407,46
5679,57
4075,12
6967,92
4581,26
4738,69
266,92
3123,80
4986,32
5525,113
9754,102
8397,20
2725,79
702,36
883,34
7731,20
9886,52
4258,19
3048,13
7958,22
2752,22
2930,49
9603,110
2319,43
8103,86
9385,12
4400,74
6022,8
3647,9
3887,79
2356,80
8100,87
8813,34
4364,29
5336,90
3082,116
3016,83
4882,74
5429,96
2629,7
4167,38
9999,39
8747,63
9460,43
9925,19
9751,80
375,55
4351,6
487,52
4556,10
1290,14
3833,70
9082,87
8508,68
9729,95
1501,79
8442,91
8703,18
5978,62
6394,109
5740,92
9237,51
2398,22
8321,99
77,73
7947,57
7716,112
1632,49
267,106
1904,14
214,2
5689,18
2500,26
1013,74
6461,18
9041,45
8527,98
5893,84
3416,60
3450,97
4599,92
515,55
4591,38
3608,7
5712,25
9072,72
1190,26
8425,8
791,114
4388,96
7527,27
9950,43
6015,48
3028,46
7388,45
5570,41
422,42
9408,58
2614,132
4103,32
6115,10
6911,70
6016,47
7269,102
6344,8
4801,51
5812,59
2650,42
1480,19
2327,107
3408,72
7106,58
8023,82
7304,87
8104,95
4756,62
8579,8
2846,84
1244,95
4632,15
8762,70
8359,119
3061,80
3423,82
3164,73
1472,76
5553,73
2417,48
7655,15
1023,19
3122,53
8737,19
4851,6
7530,48
5220,68
2952,44
1425,45
2497,33
2232,46
5727,40
7462,10
3241,17
5828,39
6641,85
9651,30
3882,47
4155,33
8515,78
9573,41
9123,13
8523,77
2026,89
2505,67
3904,64
6033,28
6886,21
1433,82
2544,18
1511,96
8910,61
5145,30
2004,62
9565,6
9535,98
1624,24
430,72
2005,51
3225,72
1323,24
3365,40
8013,40
8161,77
4610,38
9818,77
4705,79
973,47
4140,101
4778,28
7869,83
661,92
6138,77
320,99
5281,90
2091,76
1251,25
1827,93
7324,76
5942,25
6102,84
8102,112
9081,35
6241,60
9362,116
9195,83
1054,16
7333,67
3286,46
7961,111
6802,58
1715,61
1865,24
8553,31
2742,33
32,95
4657,67
7064,95
2410,32
6196,104
5825,43
7805,11
739,30
5036,82
5055,87
1336,105
9935,26
8274,44
4375,72
853,21
8189,88
1560,83
2300,99
1257,14
7660,97
1521,71
4505,31
7846,54
3718,87
1753,54
7132,18
6603,8
1062,16
773,65
4880,14
1055,62
3638,48
847,84
1733,50
3341,13
251,17
6274,32
2222,44
3299,114
3651,97
3763,82
7249,23
1588,22
9784,47
7448,99
1997,20
1702,27
2989,67
2177,50
7241,66
4318,80
6119,14
7951,11
7618,62
9557,29
6643,93
1030,112
2593,75
3364,33
3005,21
8868,52
7221,69
3319,65
3482,105
8581,29
1646,32
5548,69
8949,41
8403,99
23,41
7921,35
9777,26
9346,57
8913,19
398,17
2461,67
6003,97
3069,70
1968,37
7497,33
3304,78
7385,66
9071,58
5258,49
2396,61
4953,44
3469,86
1152,71
7484,83
5519,9
4290,105
7188,111
3233,103
5500,87
8789,27
9882,112
42,26
1485,73
1421,87
6746,80
912,51
815,57
2777,47
7975,50
4519,52
7482,36
387,60
1451,8
6208,72
5664,20
7710,55
6694,60
1816,32
3481,72
3541,42
4554,114
4527,40
5579,55
260,85
3949,93
9623,40
6526,69
8287,78
9530,71
5681,86
7891,107
5736,6
7087,8
8611,51
2893,92
7280,59
5038,28
709,112
4614,51
1326,52
2726,32
7774,20
6483,18
7718,92
4558,103
4495,98
8627,72
9108,88
7773,66
8416,53
1834,56
9096,21
9118,32
7563,40
7507,17
1114,19
1852,72
8150,45
5577,66
7265,59
1529,53
5919,9
4673,80
8558,114
9050,67
890,43
5850,63
4162,53
510,60
692,97
2971,76
4363,5
9548,57
771,35
1061,96
7526,83
5353,63
3716,90
5738,26
6260,79
257,31
5686,41
1255,8
8147,80
6625,115
5483,8
2037,88
6874,111
5673,52
1958,41
8732,7
377,58
5773,34
2292,75
8408,80
9529,41
9201,97
6947,73
2078,30
7840,84
8751,52
8886,77
162,23
688,113
83,77
2919,75
5221,8
2008,109
6562,63
756,69
7627,91
1642,17
9768,77
5639,62
5593,19
3168,55
6902,60
5997,8
9800,73
4285,38
3937,30
9054,32
3057,8
7440,43
5189,43
7569,26
5691,74
3177,108
1626,26
5900,27
3769,74
3809,86
5794,53
9424,75
454,94
9544,23
5804,66
4047,54
3058,39
1804,39
3772,82
5718,34
4230,30
9379,20
2822,21
7901,16
125,63
7915,10
2841,81
1638,72
8484,52
3393,86
3219,44
8677,90
9688,20
4486,38
769,36
7719,78
4600,27
3988,100
7182,38
7453,54
444,56
5781,17
295,7
5855,19
6586,66
3148,63
1539,21
1252,46
5967,24
272,5
4109,13
6743,47
8004,14
793,19
8810,34
8344,42
8693,39
8604,17
8571,27
6027,22
7613,94
5912,16
6000,10
6464,100
8641,73
3197,91
1765,109
8888,97
1443,13
7595,108
8770,66
2610,19
5654,91
1194,63
1906,22
7746,91
9185,26
6303,119
4472,20
8170,17
6135,58
5419,66
6684,17
3312,53
6511,16
2058,81
5926,79
6182,8
6146,90
5283,95
8112,32
2492,38
6205,50
8820,73
3867,85
9318,67
2048,55
6585,83
2469,9
4924,117
2531,95
4998,31
6756,8
8988,73
1226,35
2165,11
1051,15
2209,51
7941,28
2375,25
5924,36
8391,41
9679,32
5732,30
2646,16
4203,77
8936,54
2397,15
8187,23
3183,84
2961,42
7316,58
9454,88
9238,88
1401,52
2098,87
2710,108
2823,38
4810,38
5378,86
3184,35
4241,26
2579,63
4196,40
4020,87
9696,99
378,116
5080,39
6358,9
455,47
5300,31
9883,43
8421,30
4847,47
3322,34
5170,75
6513,94
5792,78
2688,69
7174,61
9250,27
6153,83
8010,43
4967,24
7572,33
9665,21
2072,83
7949,60
2873,60
6826,86
2640,12
4863,100
6723,66
9811,104
1559,11
7653,26
7092,54
2152,91
8573,28
778,93
5111,54
6113,45
7486,111
1223,8
623,63
527,49
3539,50
8761,26
777,88
1504,38
2285,9
7298,86
8139,44
1967,58
5744,12
1219,36
6048,45
3580,21
5821,35
842,12
1115,60
2121,66
4429,35
8819,77
9404,37
6407,78
9709,50
2997,8
4630,81
7199,65
2114,54
3582,85
4988,20
7515,7
7426,21
5573,12
9756,26
8106,80
7854,68
4369,69
1912,80
157,96
8297,9
8505,74
2274,73
7029,41
3908,75
3032,100
535,40
6842,76
7591,79
1200,33
2861,58
4359,13
4510,33
1530,8
3422,54
2871,10
2076,31
9027,33
1040,64
1434,72
5159,86
7147,85
7825,109
7970,48
6567,81
6900,93
2654,66
4639,63
4767,73
9403,83
1160,33
9113,37
1812,96
7782,38
2268,11
9493,22
4654,41
2999,81
9871,31
1367,63
9209,56
8774,65
1859,12
944,20
3978,40
8777,64
7124,94
6943,36
8422,104
5602,63
7101,105
5511,70
8532,35
1007,45
7072,13
1592,13
8821,49
1961,10
7093,95
6231,55
9851,55
9402,29
8808,21
8405,81
9499,14
3801,65
5231,53
5566,84
3530,54
682,82
8755,61
5237,22
5749,40
7740,64
1819,32
2311,75
7105,46
1787,107
1589,88
1466,40
4960,38
7894,63
8049,62
6116,69
5989,52
9742,35
6926,12
5471,54
7885,76
8157,55
8600,56
2903,72
2315,20
1739,47
1914,59
8876,91
2537,90
735,61
1398,45
7328,41
2727,50
7512,3
6436,38
5510,40
6742,67
8543,78
9760,73
6270,31
4649,73
852,59
6159,46
1167,21
9922,72
226,90
513,20
1990,39
5805,51
9511,29
2482,22
5618,16
1059,50
3583,61
2145,6
385,51
7068,59
6747,40
7003,95
6398,110
3528,93
7110,64
2304,83
7160,97
5209,67
6433,40
7297,40
2330,7
2178,50
3850,71
5853,7
7590,64
2282,18
1922,9
2519,69
3523,45
9060,6
3786,94
8716,74
8574,64
9593,46
2818,40
2155,9
2010,65
5628,90
8299,77
4287,25
2200,11
2819,78
846,72
9049,86
9939,40
3124,76
1022,47
3236,65
9369,36
7194,25
3747,88
5680,27
5931,80
5753,36
6973,72
9494,20
2920,62
845,83
6477,95
5246,36
9468,83
5916,9
4700,10
6064,24
4955,14
8758,96
1207,27
4353,46
5133,38
7394,80
6089,94
8923,66
7111,53
3293,85
9156,67
368,94
2769,9
6600,49
6836,59
6244,40
5549,92
1308,26
1609,85
5958,18
8282,18
3441,54
6232,26
4184,50
2307,106
5897,88
8722,75
9775,45
4853,20
8141,55
4007,66
6642,69
289,68
4069,74
3875,86
223,88
2661,29
1384,54
5358,72
8840,71
951,102
9740,21
4032,64
6202,42
6961,6
5972,11
9183,16
1637,48
3697,110
5302,69
8316,58
5177,29
3033,33
9799,101
8326,51
6853,15
5904,22
4118,19
9766,61
1388,61
7586,19
9829,54
1271,33
9144,13
8248,107
7691,70
2491,57
6801,20
2259,62
7162,41
4185,57
6011,77
456,22
1508,68
3967,44
1850,74
2369,26
5937,75
8830,54
2825,64
5703,12
3283,60
165,65
4653,21
6125,87
1368,6
8763,85
2349,109
1817,74
2639,104
4570,51
5347,54
1331,48
4194,76
3363,22
316,97
3511,68
7736,101
9583,68
9968,11
4569,82
7860,97
2020,39
7505,75
241,58
7997,68
3432,52
5311,67
9853,37
822,86
8331,23
8052,83
638,78
1893,104
7510,8
7629,63
9303,69
7172,98
7608,34
2534,63
6170,100
8551,109
9580,53
5387,21
6155,23
554,22
1477,50
2787,35
7399,16
6062,11
6898,21
5532,76
5766,55
312,20
463,88
894,91
7189,9
3373,7
1357,34
3400,46
9983,48
566,28
5023,21
7359,93
1770,33
9591,17
3479,31
530,62
4538,81
1033,61
5928,80
8853,100
6468,25
2957,23
7744,51
3664,36
3329,16
1556,24
6092,95
9997,77
3891,47
5646,61
4524,20
1761,63
572,9
5771,70
2923,45
2038,34
5760,40
7309,4
8199,80
2260,87
5042,24
2014,62
9624,83
1862,37
319,50
8063,98
5607,6
2258,85
8413,93
8982,21
6093,83
3296,32
8929,13
7198,81
5188,37
9840,26
475,31
5216,77
7407,56
9393,84
5567,45
2706,69
9163,59
4906,86
8035,10
3095,48
4489,102
1607,37
1179,6
3234,41
6061,76
8412,103
9594,42
892,10
4724,70
182,33
9252,76
7673,54
1947,61
3621,43
7759,109
2576,80
678,71
2112,65
370,41
1844,104
3657,65
5922,6
6410,71
5157,14
8683,117
8272,10
9263,57
334,80
8907,97
8285,9
6665,17
9047,90
7988,21
9114,10
6278,87
3525,60
5184,110
9097,93
3371,43
928,39
2503,53
7524,69
5716,34
7650,49
6485,42
5600,70
9052,21
7929,31
9948,99
1706,57
4580,17
2783,61
6629,23
1097,66
3394,52
1215,26
3868,73
6848,34
5327,108
3256,78
3019,77
8544,77
4662,100
2778,118
6265,22
7374,7
7545,54
8898,91
7377,79
6796,83
7594,74
7739,29
3119,10
7025,89
9804,72
1038,14
9288,16
5029,88
3742,87
642,32
1122,50
4003,45
4389,54
9899,22
3719,69
5070,27
9698,37
3745,15
528,98
593,53
8095,84
9205,12
1363,55
5322,12
4535,53
106,75
6635,15
8711,5
3120,57
7464,102
7471,43
9830,52
7984,53
7518,29
6046,9
743,23
6564,54
7011,80
4139,91
789,8
3739,68
4271,49
8790,80
4325,45
19,58
6975,77
594,10
5514,74
3564,75
7115,42
5527,65
8937,10
3413,38
6131,31
123,80
7548,24
3699,55
8884,9
1350,56
4450,45
8843,91
4026,43
37,63
5880,92
9243,12
8178,64
8401,89
2528,67
8392,87
1534,86
2628,86
2734,71
7289,96
4757,38
779,21
9898,19
7063,27
1234,80
2992,41
7291,65
4540,76
6895,96
7633,94
3860,71
3362,18
8930,10
502,37
4282,16
9682,43
8757,55
9708,51
2698,29
8919,21
8304,46
1310,55
4831,58
3897,49
1737,93
2316,87
5208,88
4373,88
9430,11
5257,75
1267,59
3578,59
5073,51
9413,68
576,65
9929,35
1986,49
8363,86
3669,82
3318,90
1598,75
9361,25
716,52
5833,20
3549,95
4710,70
4679,43
6787,49
4236,85
3023,63
9776,90
1193,91
2758,86
5431,52
7499,78
148,52
498,98
1599,46
1009,79
1020,50
649,36
7998,89
6234,104
1780,81
3836,57
6080,78
4626,36
4618,10
930,37
3588,17
9915,62
4156,18
6345,66
9135,109
5624,44
5979,24
2144,66
8554,84
3770,30
6314,18
6156,50
9423,53
2036,45
3538,80
5190,43
5346,68
3170,78
7476,7
7772,68
2069,63
3828,78
1535,39
8685,99
6432,60
3109,14
9056,82
2995,87
4178,83
5244,39
6040,90
2190,57
4259,101
9277,80
2233,64
6990,71
4793,101
1352,74
7922,40
3074,21
2760,17
5768,25
524,24
5468,67
8822,20
8496,26
8687,26
9668,75
674,6
4129,53
505,45
4414,70
9648,67
4479,85
9271,74
1729,87
9067,25
5622,42
5725,104
2631,45
6618,75
1277,29
3843,37
6660,66
8764,66
9289,87
6112,105
4501,51
5799,81
9058,99
1436,55
4269,50
7592,75
5591,20
7220,8
14,20
3696,28
9953,69
9062,68
9435,66
3913,67
5964,29
8060,11
7288,52
8796,67
7576,69
2314,29
5891,90
9222,54
7871,28
8062,102
2596,64
3237,60
8036,59
6462,16
8966,77
708,5
2502,14
4795,57
4051,12
7204,7
3847,59
4670,90
7573,35
1691,27
4163,69
9218,31
3433,42
9029,4
9076,29
3220,24
760,35
5134,39
8542,79
4295,23
5186,23
7155,39
9340,31
5726,9
6340,67
646,66
2134,21
7952,43
1474,48
1138,7
9670,47
3339,102
5915,63
8618,73
3857,73
5675,88
9401,19
832,112
4940,50
7927,60
4254,16
1569,38
5153,18
4902,99
7293,51
3917,43
6233,96
7139,71
2135,76
8169,103
9223,27
707,100
7953,103
5950,21
9655,8
4567,86
7421,91
6776,9
8759,64
2975,22
7496,19
5969,46
6985,45
5537,39
7393,4
4709,46
9461,57
4680,47
6239,74
7005,104
9023,48
6604,74
7968,54
785,99
8540,33
4574,51
5203,90
8393,56
1369,57
987,60
20,102
3330,48
7232,34
5087,47
984,44
6890,49
7488,52
3272,78
7447,47
8806,24
2934,15
978,12
4780,29
4957,14
6403,64
7614,13
4805,66
675,99
909,20
9866,23
2357,13
5168,9
3954,98
4931,30
8565,20
3289,84
3376,61
7671,19
6304,10
9781,43
9788,101
2933,114
6347,8
9998,80
5225,40
2498,92
6366,94
5094,90
2161,92
178,98
4561,77
6001,8
6661,56
1315,103
766,96
1111,86
2906,57
9872,75
3388,21
5954,64
7185,42
91,97
3186,45
4177,69
5930,69
1313,27
6691,42
5815,90
479,58
3693,84
2336,21
9262,102
7169,48
1740,37
2053,62
9638,17
3107,36
820,31
900,34
6163,45
404,88
1567,106
8607,10
5976,45
1206,25
3260,84
6823,63
4904,52
9880,98
2907,68
7463,113
2709,91
1334,83
7140,49
9663,19
2023,5
7909,37
9723,49
7615,40
964,32
2881,67
7255,20
4284,63
8903,92
9779,92
8437,68
1318,60
2485,92
2549,43
4730,77
7694,10
5277,8
449,92
6484,47
5287,94
2954,108
1229,20
4894,9
2495,19
8008,79
4753,61
4716,50
9620,105
5898,65
9190,36
7763,99
8246,9
1468,33
4428,48
5852,15
1403,52
8671,86
1717,52
1696,82
2771,12
3201,68
5363,73
4218,46
4905,41
471,39
2494,105
2246,26
3866,11
5472,55
8407,91
5561,59
6455,40
5009,10
4123,103
356,6
2746,75
6733,118
6221,70
4772,66
8552,53
4256,49
4744,51
5164,74
6903,76
2343,93
1177,111
5050,91
8120,42
4596,81
3042,15
3263,75
4124,53
4713,56
9467,35
3675,14
8811,89
8975,101
602,79
9765,105
489,77
8841,86
2486,25
636,11
4221,16
9011,68
9928,57
526,90
625,91
4240,16
7041,43
2360,8
8330,84
5551,85
6614,90
9260,52
7065,65
7824,72
5444,60
3622,53
9314,85
4742,31
4399,70
6726,76
4668,41
10,28
2721,63
6944,16
2476,10
5488,45
7104,7
5424,42
7556,71
8003,68
7631,81
8606,50
5524,53
2242,52
6106,39
1240,37
2363,34
6037,106
8743,87
4356,103
5845,69
8801,35
6779,27
6581,9
3886,95
7936,28
9253,73
7368,78
1518,25
6034,42
4910,55
5044,82
5200,79
7058,41
4571,34
1622,18
6158,39
2386,95
5827,33
5440,78
225,62
9940,26
4425,108
843,59
532,23
8380,48
4274,74
372,60
5307,58
7669,99
3117,39
9316,34
6044,78
6904,72
137,106
4312,14
2522,89
1952,32
5697,20
5902,12
4444,46
9833,46
2131,11
8143,19
9110,64
9540,57
472,56
6605,59
2108,21
5642,41
142,13
8537,47
8709,84
9628,64
7322,58
9004,30
4975,18
2979,26
4289,60
2504,48
44,84
3698,8
3155,11
3207,78
1784,30
1396,14
9843,91
4231,96
9228,44
9018,59
4794,84
6570,61
3455,53
1381,74
3563,11
6690,37
9381,96
9279,34
5027,67
2724,21
6725,64
1837,43
7352,28
6,54
27,27
3141,97
2243,25
2674,93
8097,40
8128,34
8232,27
3208,34
6132,42
1898,93
8668,73
3956,45
3384,17
3562,92
4631,35
5887,58
3901,54
1496,32
300,86
6072,29
9000,74
129,103
4352,101
9561,91
4106,53
4044,16
8928,60
4197,120
2637,55
731,70
1924,32
5137,101
1880,95
7012,54
9410,69
2400,22
5888,25
4994,58
5941,10
2879,13
248,64
3501,20
4367,81
8785,39
1826,10
5512,55
837,54
8264,82
9138,58
1993,39
1551,43
3785,103
2399,40
7832,28
7940,56
9528,79
5974,41
2942,105
8266,8
1422,52
886,28
9232,32
4844,34
480,22
4592,87
2620,98
2594,102
4190,69
8976,26
8940,89
9269,96
7754,57
8227,51
5268,44
6922,9
9954,59
243,11
2808,100
5100,52
8064,70
1070,77
9168,73
6612,98
5224,98
658,98
2773,70
1602,6
6751,38
439,40
5202,74
6184,91
4101,15
4490,32
3030,47
3964,22
2680,105
6456,75
9859,73
8639,73
3660,72
3086,56
7138,57
2212,47
8567,38
2918,54
5361,71
7053,37
1235,26
9214,56
2627,14
4587,97
8381,79
9617,52
4870,106
7327,45
4266,26
7626,85
9549,11
5632,11
9382,74
1123,78
459,69
4366,53
7284,98
9245,51
1116,27
4059,85
4746,43
3382,70
7709,79
8286,43
5475,29
426,5
117,81
6438,75
9920,32
4226,114
4543,48
5445,11
8695,36
8586,40
7857,89
158,73
1680,16
6322,56
7133,25
9806,67
3132,34
4537,59
2844,50
8108,88
6767,46
8891,71
2364,76
9102,19
805,59
6546,88
9443,77
5282,32
233,39
9585,33
917,47
4655,52
8329,42
9852,55
3386,36
4449,12
302,33
7090,40
5041,10
2184,92
802,13
4958,68
160,22
2148,13
4849,83
8193,14
5364,82
4701,46
9737,16
5774,114
7443,18
3311,17
9674,20
6595,84
2602,20
3010,74
8916,13
6833,88
7353,78
548,23
6987,112
6348,118
7299,27
6881,10
2568,25
1340,88
5022,12
4951,23
9836,31
75,21
1792,66
6273,54
8834,106
1562,24
3361,73
5504,50
5006,70
2990,39
4204,82
6030,101
4094,103
9722,73
2355,32
121,44
8644,84
2071,43
6819,101
5365,30
4437,9
7783,55
1515,59
5264,46
9936,72
6521,47
237,63
2468,43
8470,67
352,3
2462,62
1083,94
3628,18
3213,60
6686,14
8404,33
8872,53
8026,72
6577,6
7960,35
821,99
7836,11
5630,54
1438,49
6840,33
2352,49
6460,119
4729,41
3212,75
8089,59
6750,95
1087,8
7437,92
5195,50
2731,108
1303,91
4243,77
2025,91
6996,32
3424,63
4158,11
3324,60
5971,86
1089,81
264,67
6475,72
2536,47
6934,9
6693,33
6554,83
657,20
4516,75
7842,96
9996,9
2052,93
2407,62
2983,44
2928,77
4498,53
4070,47
4012,29
5572,89
9826,39
9420,61
6305,63
5911,6
6588,99
2659,63
2003,38
8845,86
3703,93
2154,56
3112,99
2529,86
4316,24
4357,89
8856,78
496,41
2201,70
3981,73
3874,77
2066,4
2051,85
2218,9
6142,17
4933,66
4669,103
6343,52
7215,10
9354,22
3928,51
6422,12
5796,53
4678,65
269,57
4030,38
3149,42
5014,9
5770,88
750,96
4263,50
4314,76
1672,25
2792,71
6986,72
2669,92
1056,44
8734,19
9119,71
6405,66
7423,49
4225,85
8394,91
1634,19
6624,30
1098,88
8905,20
1618,32
4053,21
6498,46
4315,64
6971,38
8388,93
5544,70
2993,25
6168,97
8924,58
9332,61
7529,61
8562,46
806,94
9153,62
2811,96
3438,50
6307,100
4411,103
9579,18
4507,64
9304,80
4685,85
9912,11
1299,97
3862,66
8002,24
1130,5
703,13
3778,62
325,102
1014,38
9576,87
3540,97
8298,14
6315,56
6828,7
2167,42
596,66
6980,40
2657,85
7018,21
6120,63
8201,41
7695,102
8349,94
8040,18
6110,11
7728,101
3572,44
8742,32
5886,100
1526,61
6729,53
1081,102
3837,73
4644,44
8590,65
1930,13
5182,81
4822,26
279,35
5099,45
2453,101
7059,28
7713,99
9122,50
9658,62
2133,71
3906,84
1857,88
4872,65
2380,79
1275,45
8664,79
8488,94
1479,48
5199,78
2401,43
3313,78
1738,124
1137,85
8769,18
246,27
6850,51
8744,39
2452,34
169,60
2413,103
2581,90
7831,104
3309,82
3556,54
273,7
6957,16
8354,92
24,17
9979,73
1527,74
5503,72
4624,25
6495,52
7575,53
2234,78
4127,15
6984,80
7543,16
3259,110
2566,69
4921,14
1337,9
7850,89
104,9
4433,70
6309,79
9733,10
4168,11
4116,103
2641,77
3700,100
7980,26
5317,71
9560,69
5086,48
7469,116
2160,53
4492,46
5615,96
2496,25
9636,64
5462,19
3944,38
8045,12
1201,19
2422,50
8214,42
6187,74
8619,18
9456,37
1682,114
2813,62
9986,57
3340,52
9584,51
9197,19
342,42
9390,90
8704,52
2935,59
9875,21
905,81
4,49
5304,80
6057,73
8352,13
2722,44
2902,47
8292,57
6169,79
2362,103
5884,64
2912,11
1440,58
5977,61
741,51
8773,16
9291,47
8779,98
9794,11
4237,18
3196,57
2350,41
3672,90
541,39
2455,79
1577,28
7981,63
216,7
81,81
3051,45
5110,49
5762,80
6136,18
3420,59
7318,21
5495,34
2,113
329,45
3181,9
126,17
4697,29
6294,3
4890,62
3221,21
6568,38
7210,12
8970,28
5447,33
1490,61
1306,58
622,98
7665,86
3080,64
6601,81
8387,71
310,68
3001,103
5763,16
3591,82
6759,61
4172,44
2849,34
8367,54
8631,68
7281,24
8366,60
3017,24
4712,51
2870,27
8624,101
7714,50
2909,54
6972,35
1744,75
5489,34
4334,80
350,31
7514,79
4952,89
8205,86
7766,25
9611,10
866,29
5494,45
5946,57
153,69
3332,42
6917,21
6389,98
1689,45
6897,53
2251,55
156,12
4410,21
483,79
1198,11
2377,44
6045,66
2516,15
5008,53
9333,21
1192,44
6710,49
5892,74
1797,21
7756,92
8603,61
9022,31
6076,44
2339,23
3099,36
2643,10
8188,41
3480,82
3725,34
2158,72
1471,78
2230,89
2860,41
5563,78
3147,23
1836,47
5728,90
8533,43
238,22
985,99
331,83
8680,20
9399,112
3014,13
6269,101
4652,87
7601,7
7081,70
753,7
58,12
2030,18
2067,7
4509,55
7873,49
6730,83
3484,30
6753,30
6741,57
531,20
4635,15
1213,45
5458,80
3723,50
2443,104
9607,59
6912,12
9570,69
4666,37
1927,52
8267,104
3942,83
1980,53
5382,22
9690,87
8261,13
7408,80
9827,65
8904,41
1750,8
7859,80
8804,50
727,97
1919,37
7778,57
6370,101
6446,41
4448,94
5980,76
2638,63
3679,51
729,18
5385,70
8288,92
8547,55
3003,20
1105,69
834,13
9169,21
207,25
8337,12
4547,45
5523,49
3264,19
3349,62
4943,30
4062,31
8736,102
4531,71
2571,97
8578,36
7585,83
2702,22
5731,76
9278,46
1031,56
6300,57
7863,96
7236,27
5340,14
469,57
1302,47
1853,91
8795,26
8082,80
1897,55
1525,90
5101,72
9522,86
9916,95
5595,76
8018,51
8689,8
6763,20
399,12
9867,57
6200,84
2371,107
983,103
2018,100
9876,9
8347,10
4025,78
4917,94
8946,53
4084,80
6786,38
5150,37
7427,39
9701,19
640,101
4082,28
4770,26
7320,88
1282,38
3616,53
4463,73
1185,90
2465,14
6609,99
4868,99
2892,93
4881,18
3961,111
7078,80
7760,65
458,23
3372,67
8608,42
3246,25
942,59
3922,9
3623,102
4402,24
5890,46
7240,42
1619,6
3676,27
3377,87
9858,50
9975,13
1966,62
3516,19
8809,37
9649,98
5925,27
6447,92
3520,83
3491,44
666,59
6956,109
9109,13
1718,55
9106,81
9124,102
145,62
3463,20
4014,125
1148,58
2899,86
7066,110
8974,82
2166,53
5124,27
552,59
8963,6
7429,48
7659,48
6141,25
1840,9
8665,87
2931,51
5121,41
7347,29
9025,14
3240,62
7644,13
3036,14
5116,13
6789,8
1908,27
2073,83
9344,100
9389,39
6272,18
4681,25
2830,77
7365,60
6504,35
9475,84
5722,40
8317,48
155,12
5499,21
9137,104
245,50
6888,46
6302,64
4090,29
2077,49
6374,80
5329,39
6968,35
5011,32
628,37
3043,20
7019,84
8434,51
5418,94
3661,17
8427,26
2033,66
5354,20
2767,63
2034,35
9091,107
6864,53
4598,87
6376,70
5464,53
9429,78
3767,49
7749,24
9631,28
7040,28
2574,42
9908,14
9971,65
8399,58
4115,59
4063,93
5095,60
7325,79
8445,33
2944,17
926,64
6298,34
6932,83
8781,32
3711,100
2829,98
3195,62
500,98
5671,85
686,44
1752,88
2743,85
3451,34
8550,64
6306,12
1353,6
5905,20
3,31
8155,28
4291,33
381,22
6236,91
9501,10
2266,58
5959,19
2845,53
7266,81
2856,39
4982,15
2149,92
953,7
9488,66
8182,57
2511,43
7761,14
3253,56
8990,101
1640,54
9556,89
8159,52
4147,93
8017,9
3820,65
5659,81
585,62
5328,90
5748,111
8847,28
1540,55
1321,38
9300,7
6186,38
6310,42
3310,91
5369,70
9521,30
2904,106
1146,79
8833,83
9378,92
6323,111
2021,41
1585,58
2255,18
1863,68
6178,42
8249,17
9816,48
7466,21
339,61
1348,84
9452,97
1332,97
9752,103
8887,80
6696,57
2206,72
9543,72
3448,72
9680,101
3294,63
4267,52
5072,14
5947,60
8081,91
4913,85
5586,102
5196,12
9512,23
2126,35
374,21
6012,89
4973,65
8865,47
5293,9
5487,97
3935,70
8094,49
6569,99
591,57
4718,36
9131,16
3427,74
3668,53
3232,85
1778,42
4173,71
8850,98
7722,60
8358,97
2597,77
8034,85
652,13
2238,7
9661,58
131,32
7489,76
8194,102
2372,105
1400,66
9645,48
212,9
501,103
3375,43
8016,101
333,26
8712,24
29,28
3390,36
5879,62
6408,13
199,47
7275,19
7286,35
6082,113
6520,24
8864,52
5155,94
3587,87
998,64
2170,80
6220,20
4711,33
1704,70
6689,109
3658,40
5046,12
9207,17
5699,73
3968,46
9026,108
2191,6
4572,80
6279,58
6935,17
8826,89
8311,98
4134,61
8370,47
5940,34
4725,68
2224,66
3345,53
5048,11
9650,49
1084,69
7253,42
3834,42
8605,57
8561,72
9066,65
4565,74
8831,105
9126,56
3267,102
5043,29
6906,75
7663,49
6381,85
8654,102
8857,21
7993,29
2287,30
8202,37
477,98
4187,88
2219,26
4009,91
8786,74
6915,12
7473,41
1991,62
9281,18
813,17
8071,11
9903,6
9980,29
5163,34
3281,72
5517,57
724,6
7057,97
5191,100
8794,37
5948,48
1502,90
1172,65
547,90
7552,78
641,27
7006,63
3932,74
6692,14
392,65
1157,87
8447,34
7165,76
9059,42
2283,55
2948,18
8289,88
8615,71
9715,24
3796,6
2630,35
6206,43
1258,56
1605,96
4821,9
9442,39
4787,70
9551,102
4217,59
5868,27
2457,50
7991,91
2221,23
1184,103
4604,26
4409,47
6946,113
8357,77
2146,94
189,39
5040,96
5477,91
3945,24
4891,35
1204,19
9958,64
3590,48
7143,67
1261,54
2929,8
3111,33
3287,42
3998,42
9947,35
2454,85
9805,18
5983,93
1617,74
1469,80
2281,12
5412,34
2839,91
3104,41
4022,107
263,56
4533,49
6664,7
4462,71
4823,39
911,38
2050,24
6785,26
5739,91
2985,24
6252,26
4456,27
9319,29
6111,43
86,85
5742,32
774,90
9164,12
3325,29
5874,84
6357,28
7880,85
6963,118
5857,95
995,47
3581,45
9595,57
431,93
308,93
4862,101
6695,101
6737,14
7704,48
4222,77
277,59
840,52
3013,7
4396,47
1360,71
478,64
9657,52
376,29
5769,60
7150,48
107,107
2119,79
8731,81
9524,110
9357,88
7699,82
5547,22
59,94
6914,40
9038,11
3011,48
8883,103
5249,31
2227,58
1668,47
6556,47
1677,79
4474,78
1405,62
4477,89
5063,33
8356,108
4391,47
5106,62
4346,77
7696,29
5702,99
8014,94
7166,88
522,89
9024,19
1165,70
2693,40
8702,41
9918,11
764,32
9258,53
6465,57
239,20
2479,56
3896,52
90,45
937,34
4903,39
3483,123
1209,48
634,36
5076,67
9387,55
8585,33
5349,45
232,94
8897,14
7562,74
612,98
7076,52
5016,79
5576,73
1268,22
2378,97
4443,47
3437,9
317,35
2142,45
790,53
4607,32
3854,15
9750,99
6901,32
5634,8
4281,94
1936,19
5082,30
1432,10
2231,6
8556,30
256,92
7698,58
1390,26
1768,44
6732,78
1576,24
519,45
7911,25
5047,61
6503,91
8504,53
7203,49
9629,67
7161,63
913,8
6308,64
6964,27
3933,48
63,26
1399,95
6675,72
2765,68
1546,119
988,13
7902,36
6620,91
6282,83
7814,97
3708,55
6827,70
7274,68
9905,37
9078,14
2186,103
285,72
7715,56
4455,18
2288,104
3655,75
796,74
4978,23
2757,35
3268,103
5141,25
4377,26
2302,31
645,5
3230,9
445,18
3611,92
3973,18
5670,39
6649,111
9352,34
1923,104
6442,68
6401,13
4376,43
1601,60
2391,20
8072,45
1049,17
4078,9
8398,116
8596,71
9257,95
2122,48
9961,58
876,60
3992,23
6734,81
7920,85
184,23
6152,61
9790,13
3178,84
5818,15
7022,97
9847,70
4286,30
168,51
3546,35
1427,13
6013,106
6887,79
1191,7
5575,19
590,84
8650,16
1142,24
2151,42
1004,19
9016,98
1829,48
7035,76
3266,89
7735,98
8482,58
7741,82
1039,84
3957,12
5279,11
9539,16
4699,69
9982,86
6017,32
6425,35
1248,4
6117,30
8378,88
5605,96
4726,13
3209,61
7544,78
7363,13
1174,21
5147,24
7226,78
6739,58
884,43
8640,65
9276,32
4779,99
8086,90
9704,88
1493,76
8433,26
8000,74
5222,45
9009,62
8875,103
4693,46
7621,110
9933,23
2586,43
6790,9
2707,70
8319,71
492,91
6594,76
9973,84
1134,79
5456,10
7751,90
8431,70
6267,86
9437,14
4458,90
3965,44
9705,93
4436,93
354,65
4773,86
2676,59
2570,102
3734,20
405,34
6549,33
9229,19
4928,45
8429,47
7213,81
5316,86
4877,57
8215,11
2348,18
442,3
7158,28
3823,72
7624,52
8921,115
2599,65
7987,93
2799,91
403,73
1424,47
1950,24
9012,13
4918,51
8877,10
3078,27
6325,103
3762,92
6384,50
9978,33
927,16
8582,92
5360,25
1366,85
3989,75
3898,102
5167,101
6435,79
4183,42
4605,35
8950,83
9855,50
6020,73
2588,68
9621,91
6798,68
6021,17
2113,7
119,89
8239,63
9496,48
7282,20
5109,38
8588,81
2533,75
9317,78
9694,88
3211,101
1410,13
326,50
1043,52
8098,28
4568,87
7481,66
7856,9
6899,91
1992,31
3204,64
1989,99
4320,91
4839,23
3829,48
8672,20
7681,116
7888,10
9660,97
8529,29
9414,15
9823,102
3100,94
2962,31
2966,76
4731,41
3140,80
1608,66
324,49
1894,82
413,18
6514,26
8799,100
6754,70
5982,71
1412,44
6320,44
8494,62
7742,121
4193,41
4273,26
5366,44
2973,30
3831,71
6288,47
7413,32
8065,70
5152,24
5660,39
3229,15
4332,105
5759,9
434,36
3979,73
2298,61
7030,18
8662,40
2111,24
3476,29
3513,25
9036,15
9810,86
4808,121
1312,75
635,44
2635,38
9604,70
3049,9
4886,21
856,21
1987,38
5313,104
8335,80
2188,40
3543,97
9868,73
533,87
6103,38
3440,91
7116,10
5243,77
6959,13
2295,80
7498,108
2560,122
6055,40
6338,96
363,71
9172,55
1052,121
167,69
4152,46
972,10
450,7
3702,29
8954,30
6868,111
4102,56
4979,27
3150,50
188,41
3818,96
9235,31
2583,7
6149,43
7662,62
5992,31
9713,90
4720,42
8101,41
9224,106
2382,71
1100,31
2833,8
5108,50
9838,5
3615,39
340,78
970,39
8180,20
7027,37
4478,26
7795,39
696,26
2633,30
1763,72
4964,44
8771,14
1024,48
2958,80
1963,16
4637,89
7588,6
9320,21
5505,12
1238,79
8920,95
6198,56
7593,98
9150,52
3270,23
2059,34
6674,36
2412,43
116,74
3316,46
2395,26
4987,15
6467,83
8140,67
3499,97
2540,54
7959,70
4875,18
8099,62
8031,103
8126,52
9532,72
7107,25
4846,4
4915,81
1727,102
9483,7
2009,38
411,100
8172,39
4322,13
9711,21
2093,18
2679,40
744,34
3368,42
9151,28
6539,102
2695,9
4536,92
3356,55
6561,111
556,68
8252,50
7638,10
4620,61
8855,68
9284,88
9537,19
8142,102
9419,75
7340,41
2323,75
3766,58
607,73
8625,83
1249,18
7163,104
667,38
5410,105
8085,43
2057,77
7151,72
4970,32
5651,91
5733,104
7637,37
4857,61
9313,104
6907,18
8836,104
4251,24
3799,38
4665,86
6383,52
7603,51
2240,106
3929,58
2478,47
7628,28
5396,51
7311,97
5869,49
1314,27
7546,91
4307,53
3089,50
9482,68
7599,82
9176,97
2509,11
8276,95
7148,83
3733,91
4418,92
6645,13
6023,26
722,92
5484,90
6228,69
8406,16
1343,93
7851,52
2700,27
5637,99
7096,57
9451,78
4525,114
9255,67
6517,16
1181,98
6844,28
4475,30
6633,19
6509,8
8717,22
2762,58
2991,63
7964,27
3939,85
5606,34
8728,58
6334,60
3844,91
6195,57
8451,6
8528,62
235,60
8647,16
603,26
5674,26
6793,72
219,58
782,110
3105,52
3203,37
3252,85
7796,23
1382,19
5074,31
8721,73
9415,51
7184,64
9440,79
7605,113
1307,67
2876,60
5235,68
9738,105
861,71
1867,73
98,78
8701,59
7845,56
3457,87
5342,65
4824,75
910,29
7134,51
5802,62
9837,18
1124,20
1080,96
8519,53
7091,10
6942,53
7061,98
8968,39
4011,69
8892,63
3557,84
1591,78
7661,78
9686,8
4040,17
8730,14
482,84
812,91
5960,50
5627,29
1230,9
1524,11
710,81
8933,93
9039,96
9534,113
6143,22
3790,108
2321,74
992,66
4133,58
7430,79
3162,26
9148,106
2347,25
5611,47
282,17
6346,34
1849,21
8981,23
6810,62
4671,19
4743,91
5461,55
6795,11
919,21
5513,86
6548,49
8259,48
1397,78
3792,21
250,98
8871,18
1079,49
3558,13
3282,25
1757,85
5315,91
6545,44
4651,49
4528,67
9391,75
8977,50
9219,34
2738,23
1444,18
4087,10
2867,18
7950,10
5178,60
1461,35
4585,8
5091,60
7868,17
7362,87
7914,30
8931,36
9287,8
725,47
1187,14
2770,55
252,95
3612,42
6160,43
2986,31
4999,80
9143,79
4749,67
6782,41
3681,10
36,39
8306,80
490,30
3052,91
673,97
4072,41
3606,23
7010,40
6318,59
3110,36
12,31
4270,65
1895,50
6134,29
3765,82
662,49
2901,57
3804,82
9212,36
3125,39
6817,27
7007,80
8411,107
1506,87
5201,57
3271,17
9295,60
3231,39
8926,85
8844,33
7734,99
5404,39
9160,38
3116,43
4093,97
6487,19
5393,66
2578,66
6321,97
7330,77
3242,10
1876,110
8945,59
96,68
8688,96
718,25
6699,18
4563,6
484,80
5466,59
2365,23
3336,7
8270,78
6479,55
4991,86
284,73
8219,116
2081,42
7178,39
723,71
2626,28
4328,92
2913,4
2409,72
7974,106
7865,84
4996,85
4487,99
9977,58
9395,76
550,42
4219,49
8323,18
5380,125
9774,103
2694,93
2852,69
6114,98
5668,49
1453,78
6331,66
1801,33
1463,93
2781,82
21,90
8343,33
8572,30
8791,58
1890,10
8661,41
5966,79
242,63
8497,21
3135,9
2555,53
1086,70
6838,103
3714,61
8307,68
3851,68
8196,104
3597,90
9249,62
9828,77
4406,49
4971,39
5303,57
3545,103
5564,68
4238,13
8748,63
5479,24
3814,100
8906,86
3728,75
280,21
6423,69
9509,14
1159,97
4319,72
3347,65
9662,26
2644,60
3474,51
3217,46
5881,50
7829,36
8476,35
9813,47
6471,73
9171,66
1872,51
4045,99
5289,75
1102,74
6402,80
7721,70
4819,16
3744,67
2097,97
4424,126
8534,103
6714,93
3773,45
4422,28
567,8
5609,56
1000,34
1517,98
2517,23
6814,35
5341,86
1046,23
2874,16
8564,48
9504,27
2335,81
2705,57
4597,28
2163,21
1317,14
7214,26
609,76
5678,59
230,103
3485,57
9699,16
7337,28
3102,117
908,31
569,45
4201,39
4804,81
9553,14
5569,81
9976,15
5604,81
9741,12
516,84
8204,71
4308,76
1550,17
6312,68
8890,84
9726,24
8024,10
139,9
7487,67
4508,105
8165,71
1519,34
1825,9
5388,41
8965,64
6469,87
4390,61
9031,93
5492,49
2245,83
713,53
1383,70
7555,25
1600,80
394,24
5996,47
1281,58
7534,98
5693,71
2996,103
7948,26
4446,27
8423,62
3367,72
3478,86
1743,85
2467,92
6355,5
7916,79
6209,77
4407,54
6634,75
8636,52
5724,105
2940,107
7202,58
1811,37
7403,40
9418,89
2110,14
5319,61
4021,51
2557,22
9330,10
2636,10
7513,99
8061,71
8792,64
1391,55
3969,32
9365,43
1470,23
7356,35
5687,109
287,88
9428,58
2257,99
2793,10
7230,52
2236,56
2572,92
7119,53
5798,18
9132,27
7425,109
1099,24
2473,62
186,21
7197,41
9120,76
6512,6
3034,60
7419,85
560,91
1161,99
3646,43
9596,44
4723,21
8145,77
2834,55
60,20
2806,40
3876,87
5667,9
7031,58
7032,10
2415,52
5970,46
3486,9
9241,73
7044,20
6085,64
9793,90
1820,68
5889,41
8462,100
3824,43
8050,77
9842,39
976,41
26,84
228,64
5276,40
1616,79
1050,86
2603,17
6611,70
9397,57
9874,67
4335,7
5610,35
3328,57
4393,47
5490,14
5530,14
1571,66
2244,80
440,73
3063,45
7468,74
3555,60
8348,28
4688,22
8328,31
5701,39
8136,52
9412,11
5791,10
4333,62
4972,94
8914,85
253,76
6217,9
2878,78
7636,98
183,41
3754,54
7366,91
68,75
278,32
514,37
961,83
875,22
2982,106
7154,53
4105,15
870,24
271,32
816,18
4372,68
9,14
8254,90
6060,74
8673,74
7809,76
6962,66
5817,68
3710,78
2464,94
5033,53
7351,94
8746,61
2489,85
6218,93
1067,17
1419,50
5437,11
9897,38
6811,71
8667,14
4176,43
2592,72
2317,86
4981,50
6476,40
4636,30
5620,80
9140,55
4645,43
5533,57
1915,26
7976,96
3055,72
2320,77
3308,87
5242,63
835,10
4317,90
9057,44
8048,53
5192,86
5345,92
7853,24
8409,22
2215,98
6724,25
2384,51
4517,72
5256,34
8334,69
7013,59
4170,74
8345,79
2595,70
6328,74
7026,8
4934,90
8256,22
1728,18
4245,11
7620,42
9329,95
9727,49
1446,56
5248,21
7706,63
7292,51
4324,89
9659,40
7136,114
1286,15
7574,25
347,65
389,30
1408,38
3138,75
3199,23
7797,91
1751,56
715,98
3306,19
1885,87
2444,71
5542,45
6067,6
7048,15
6441,6
2262,91
8129,38
2331,38
3172,61
1413,84
1889,29
9103,78
3004,52
7415,66
2524,79
5059,42
436,30
4627,86
1579,20
1041,53
1886,103
5233,33
187,17
621,81
1902,58
2798,30
8001,112
9943,29
5655,95
4100,18
1685,27
7611,105
2660,40
610,59
205,64
6458,112
1212,49
379,34
4228,67
8622,78
5837,5
3346,99
4684,47
8577,55
8530,59
8935,75
3677,40
3756,44
1329,56
5860,48
5707,102
4435,62
5580,63
2670,9
2751,9
9923,83
7811,64
4633,12
7654,62
4298,34
8376,52
8166,53
8083,16
3585,8
9035,40
6031,67
7103,43
3050,58
4560,43
1489,90
3410,28
8351,41
2520,20
9028,114
5126,77
895,24
4818,73
6855,68
4532,100
9834,41
446,17
7580,37
9221,24
611,70
6179,91
6474,90
8962,83
7604,14
1648,69
5813,41
2235,31
2286,60
1104,74
6846,87
8280,110
5534,92
9758,31
9965,73
6637,67
4683,19
4774,7
1437,36
355,37
8509,30
346,55
3960,64
885,6
7472,14
4380,28
5390,5
7290,92
8444,88
6317,81
4144,82
5810,53
4220,20
7303,69
4401,95
9422,57
208,75
1920,9
2774,47
3838,86
1254,75
4232,5
5806,39
6105,74
6351,48
1657,83
3761,54
9184,35
9466,13
751,8
3950,108
1773,24
8044,102
4842,61
9802,89
5028,23
7861,12
7724,58
25,80
1505,74
6596,59
5324,10
4299,18
7314,44
9581,90
4937,89
9545,17
5054,91
85,91
814,95
1118,61
7830,33
3688,26
4750,51
3136,10
5493,71
3279,16
2545,85
3553,50
5060,61
5174,60
7036,26
9377,72
6638,90
1847,97
6829,90
3684,78
7258,5
9142,42
6780,97
9455,65
3878,73
6167,63
9463,90
7097,32
9462,18
3453,5
5144,29
6253,63
6042,10
4132,86
9861,77
540,79
5274,69
5594,54
6923,79
3412,61
3943,82
4976,81
6478,20
8775,65
2474,16
8959,58
1785,25
3350,100
7679,69
8156,52
6457,83
952,52
1393,51
3653,27
2671,19
5230,14
7944,25
3604,34
656,91
9771,101
4419,22
6583,48
7820,77
8602,65
3864,68
3406,27
9230,109
8860,4
7242,34
8325,68
2129,108
4703,10
3966,14
8866,9
7345,83
9020,21
9942,84
1970,71
3171,46
3641,103
3551,7
3497,78
8798,76
5160,17
7206,62
4584,74
7900,22
9865,79
6663,24
2551,75
8005,12
432,56
588,31
6010,83
3600,50
7516,83
9695,56
7262,55
6341,6
1955,91
118,40
3411,87
3278,93
8531,45
3507,53
8332,7
1351,18
7973,93
9964,85
1942,30
3344,31
6851,26
1156,18
8670,47
7657,25
1611,68
4180,90
899,42
7319,78
4658,66
6172,29
9632,47
2013,12
427,77
8303,16
2713,100
7537,52
5092,80
1956,92
8817,98
5355,32
1555,90
9061,60
9974,61
2848,88
8231,63
7875,22
447,6
2763,15
4138,68
994,98
8972,70
7431,58
3518,9
4469,12
9719,86
9910,10
1776,81
2416,64
3165,86
4977,29
229,19
9672,7
8324,55
2730,83
8597,71
2946,69
9730,85
2404,43
8197,98
990,91
2195,73
6275,64
7474,36
9426,37
742,84
4460,85
4464,99
1005,86
4199,47
7641,7
6212,11
7787,10
7434,82
4191,109
6813,102
369,51
9541,38
1964,100
4593,50
3146,85
4850,57
1465,59
8418,20
4293,48
3154,31
8009,55
6368,9
7137,97
1387,7
989,33
1636,42
4814,100
1478,74
5920,79
491,47
8998,53
4840,93
1741,101
5797,58
1082,36
1764,44
50,56
3987,99
1565,81
3910,14
4612,78
6974,14
4189,36
2964,82
5081,91
1069,52
8492,28
2001,121
8011,80
2217,88
2809,90
6417,14
4908,95
8160,53
4211,45
2836,99
6180,87
8390,66
3610,12
7343,10
7687,27
108,57
2367,26
7986,98
1824,7
3527,26
8514,95
164,80
4663,11
2040,89
4223,63
5088,65
6004,94
497,4
8752,90
7583,104
3873,12
7890,111
1783,28
1899,103
2041,54
1694,62
2820,40
4811,59
8623,22
8584,22
290,37
4825,19
7918,67
2411,50
8242,49
3640,17
4234,19
1361,18
6161,78
7401,36
9006,25
4128,77
4740,13
6240,118
5856,82
4672,65
1779,89
9538,47
1365,95
5787,19
3489,33
1564,64
3039,18
1828,95
5677,65
193,25
933,111
115,55
438,56
1940,99
5356,23
9405,19
7256,14
1211,84
4696,13
4946,32
8563,78
3652,49
7933,79
9478,39
5384,92
6983,113
9669,71
8168,8
1695,77
2788,22
9112,23
9515,15
824,39
8229,28
8609,98
3963,30
2925,85
2883,40
2194,99
8353,24
4159,8
6615,71
3934,10
7192,22
7779,59
6508,60
5376,75
5715,44
7402,53
8980,71
7884,44
745,58
9198,9
6197,87
8816,103
3073,62
7383,31
7807,14
1652,10
9706,50
5130,37
4058,93
9073,68
1510,55
2895,83
1719,82
5425,9
9064,13
7649,91
9188,8
6007,67
3985,77
503,44
443,44
9845,83
9946,76
5402,91
3524,53
573,28
3029,8
3290,16
8723,19
5864,94
711,8
9490,61
7926,80
8889,40
9506,88
7600,68
2045,72
3471,69
5814,14
726,76
5986,38
9338,7
6173,95
9283,22
4057,76
8908,37
5166,90
4360,97
5831,89
9602,11
5562,18
772,8
9474,45
3780,77
3997,53
5653,13
7520,50
8501,92
9877,78
9526,98
3924,9
2683,55
5118,35
5459,76
8952,24
8446,54
3752,21
571,85
8228,100
9147,26
3835,115
4764,59
7395,59
6258,82
1164,105
2366,44
3889,23
4926,93
8441,62
2932,46
8472,107
1660,77
3245,53
601,19
4415,48
5830,63
173,98
5612,39
8275,31
7553,97
8211,20
6459,112
8117,100
8105,19
4549,16
9761,110
788,36
3720,17
4927,63
4121,5
8899,80
3947,50
5115,34
8368,11
558,73
1716,97
768,95
9749,88
7257,59
2256,37
2953,31
6215,23
3298,97
3825,19
5171,57
6291,67
5734,90
1782,67
7557,58
6488,46
67,23
7156,60
7519,55
6788,37
6738,67
8132,21
1074,61
5599,58
3210,19
4412,73
7095,19
685,75
949,55
3691,20
22,101
5389,77
1006,19
2017,24
7332,51
9944,13
3743,32
8642,87
3335,40
2898,102
1697,75
7227,54
8372,91
9042,84
7747,47
1710,78
1794,52
9199,91
7798,83
1305,64
9293,52
2677,78
3674,31
5007,73
7674,11
8148,12
6654,36
8360,112
2963,14
8858,60
6066,46
804,100
6194,73
3334,17
6949,92
6532,25
6492,37
993,27
5122,87
981,62
4545,61
9985,48
3715,42
7225,22
9622,17
1934,80
4586,29
4272,39
3088,51
7502,6
8118,69
7703,11
6250,66
854,46
9987,31
9542,68
9129,106
2575,96
7874,73
8135,11
4386,17
8162,24
8978,69
6927,37
1093,51
2434,72
3159,49
1669,7
946,44
2598,33
7905,89
2521,72
1796,85
2624,100
6262,23
1548,40
6701,48
9671,67
8151,55
9782,72
8517,87
9558,61
1679,27
8424,79
9745,44
7835,80
7244,28
630,92
1457,5
6976,67
1809,41
8726,16
9993,49
1233,28
4438,39
8375,17
4278,90
3228,82
4923,6
2585,8
7898,39
8967,31
1458,50
2756,84
2854,9
6981,15
6995,8
6863,88
647,90
1218,88
9808,88
3452,8
4733,28
8364,103
2456,51
6760,65
8915,50
6026,49
6891,60
494,11
8471,27
5000,63
8692,40
6428,28
2886,76
7919,81
3248,57
7899,89
8068,91
3771,62
1342,102
1939,13
7002,95
8832,93
3027,122
5343,46
5291,84
3369,67
4005,48
1735,58
1649,60
2027,5
5320,15
5438,37
5899,90
6617,81
181,110
1483,40
9992,32
6580,45
7339,3
7568,25
3435,82
6715,74
3018,5
2180,88
9630,85
9334,64
1813,97
3613,55
6353,31
6190,41
1073,98
1026,86
1066,77
9481,59
3879,15
7285,58
481,106
1610,15
7977,88
8460,13
618,15
7060,82
5441,74
3396,76
1941,22
8069,70
4056,81
758,9
4426,48
9019,31
9433,11
5962,23
1301,86
6107,81
9351,32
2370,14
9731,115
6992,8
293,57
5478,77
9104,7
1078,15
288,77
4790,42
5131,67
2891,39
8824,8
7693,20
5765,15
4480,19
6918,28
5737,62
5284,46
9274,27
3634,63
1494,109
9051,49
2817,64
1445,77
1279,56
8181,17
2535,79
3673,36
1542,11
8520,40
33,59
9972,23
4523,41
3830,40
3066,99
8308,22
5399,71
195,14
1429,7
897,57
3006,99
5795,59
3529,94
7341,20
3826,61
5597,84
9337,81
2608,59
8203,108
9008,21
8725,19
6613,38
8502,39
5711,79
9744,11
687,10
4482,11
5102,53
7942,83
6419,14
6434,23
5968,86
5077,82
4848,98
2810,59
1673,84
7102,102
9525,45
7685,70
4394,12
8729,107
8465,68
4806,21
2090,90
4374,28
9307,91
7217,5
5098,67
9500,90
9962,63
664,77
6412,74
2573,84
8918,99
6415,106
2249,83
5953,80
485,63
4347,69
8814,42
2055,105
1135,60
3920,53
1484,80
7827,63
3492,104
4564,84
4420,85
8616,52
1810,27
3216,64
5272,5
8075,40
2207,69
7808,26
3021,66
595,91
2039,18
18,89
420,7
2083,33
8415,60
4760,66
5403,51
2202,28
7932,77
8152,54
4277,51
5625,92
3291,78
218,85
4836,69
8461,30
5585,7
7493,46
5901,37
435,97
6242,62
6875,61
8879,93
7822,73
3602,101
626,36
3982,31
1593,111
9683,9
5788,44
8842,20
1241,28
4029,10
2445,77
9086,28
9315,94
923,53
632,16
8881,69
8293,65
4791,27
7994,15
2334,46
9448,29
3370,90
5690,96
9619,93
262,34
1199,20
9857,81
8678,76
1064,25
8056,80
8336,33
1481,26
1655,9
8279,78
3554,20
9888,49
8361,24
8093,69
906,75
5084,117
5151,85
6925,71
9376,18
5053,59
8724,82
2814,51
8714,12
4674,85
7495,19
3108,73
868,33
357,19
1127,70
1821,65
1171,74
7146,31
5032,37
6439,74
2542,70
9152,48
185,67
8934,46
5314,24
1151,44
1016,23
4907,23
9301,22
2950,63
4708,43
8938,71
9021,59
5696,10
8767,62
2278,25
9335,86
2064,35
5807,72
9764,56
3305,101
3870,101
6784,52
7176,36
1441,31
5491,34
2106,84
5669,77
568,76
4797,45
1476,65
6416,23
1788,41
9797,117
1327,112
617,24
1280,57
1092,19
3070,61
6736,55
7083,105
3512,29
175,57
4942,60
6444,34
5638,73
9863,36
8426,33
5400,12
7252,64
2065,30
7670,73
8653,84
2328,8
7164,59
5215,66
9459,93
9653,36
5207,70
9772,37
4769,77
4447,4
406,21
1034,60
8510,22
1110,45
523,34
2318,61
8144,42
4650,81
6659,54
4646,44
546,24
3584,56
6977,39
5498,63
1203,80
8206,12
9074,30
351,18
2216,97
9693,68
4368,77
8595,8
9386,79
7979,45
1456,25
8862,96
7028,10
9809,35
6255,74
9516,34
9817,20
3724,11
9498,31
5337,84
5350,13
6406,10
8454,19
9105,27
1378,26
8925,44
9988,36
4248,38
1732,62
5176,96
9862,58
5903,39
3395,73
2604,24
6656,85
5204,87
7079,45
8698,77
323,37
7712,71
4989,6
4497,106
7014,80
3573,62
2888,16
6356,10
3254,11
4179,99
6108,79
6755,97
2205,63
79,58
5842,87
486,90
1272,11
2532,68
4457,83
3044,16
4642,20
7190,51
1345,111
8700,35
7261,62
7788,27
8753,93
5809,77
5988,112
6530,38
4930,28
7784,82
3919,77
4361,98
2208,59
9904,106
7834,81
2279,28
9085,63
4150,76
6147,65
9555,30
4606,10
6757,34
7904,93
3447,18
8341,91
4431,73
5085,23
6264,43
6671,75
1954,19
2750,34
176,28
2941,75
6235,80
8171,47
8943,107
6563,77
9785,25
7085,12
7729,10
5536,22
4110,81
3678,14
6482,27
5470,62
7233,63
9907,50
3191,46
8960,95
3056,29
6162,92
57,9
6380,91
9502,51
103,90
1643,59
1140,39
1613,61
8483,93
5415,109
3656,29
2510,77
8029,72
7801,54
7677,12
2645,85
3129,16
9735,6
627,73
6390,79
8983,62
9848,44
4579,12
2063,88
6276,34
943,14
2682,73
6364,104
8776,17
8956,16
8805,80
534,39
6843,80
9725,28
7191,66
2559,19
3131,40
6036,9
1017,12
3918,65
4161,7
6764,11
206,74
5338,74
2226,98
975,10
7494,51
3505,84
7491,48
4761,6
1690,53
5035,31
283,50
5558,26
5647,113
3444,87
1153,58
6039,61
7810,30
6128,64
4832,38
7342,46
6074,85
5721,89
7457,34
8300,86
5443,99
7082,87
7924,52
6648,34
8322,55
8835,29
9510,43
204,115
8138,21
1460,13
6936,19
3822,7
7823,75
359,46
4153,103
6766,76
8633,105
5708,64
3751,83
8247,9
3589,37
297,100
6226,91
3139,36
931,60
9322,33
5428,5
6473,66
3200,64
151,77
2433,53
2213,65
4476,85
748,32
9360,72
2812,34
1188,66
6393,21
8612,28
754,9
6222,76
6140,82
9211,50
2858,54
7837,30
1709,10
9938,78
8088,62
4985,85
6608,29
1392,83
2368,99
1328,42
7263,39
2890,64
95,83
2815,8
2910,19
6448,47
5398,61
2976,63
3692,27
466,10
7478,69
5301,68
4125,101
1217,8
1625,44
3415,55
9192,104
9885,40
4442,78
542,29
1570,65
2911,12
30,41
4049,52
7876,72
2223,54
5587,87
9546,59
787,26
6824,26
138,66
9970,29
7153,82
4395,37
9154,57
3269,62
9879,5
5656,35
2082,67
7619,72
8694,33
8449,31
9734,51
3685,6
5422,44
6519,84
1854,71
6069,88
1186,104
7187,90
701,96
8430,44
1647,13
7348,86
2402,44
341,39
4345,7
4304,69
8780,56
3695,112
6576,30
734,100
11,26
5662,24
9193,109
2816,67
3574,24
1969,35
2297,86
5405,72
6133,33
6647,78
9503,17
553,18
9673,49
7802,62
7071,25
8221,70
7479,81
9065,81
419,98
3729,62
2354,43
6952,17
5706,66
767,24
8632,29
8500,14
5463,7
3040,79
4182,29
9342,7
5414,80
6175,104
3665,104
4768,72
4980,20
7862,56
224,35
9363,31
5367,30
2192,86
1025,74
3748,13
3705,33
4137,44
4491,92
9473,56
2877,48
1464,74
8812,19
2450,44
2607,36
1621,88
7170,61
7387,41
4303,64
1015,47
7598,13
8019,79
8656,59
6316,73
7219,81
6203,79
8765,100
3877,78
6955,52
8037,81
7186,7
1143,105
6409,51
39,66
1864,23
5260,66
7680,74
9562,19
8697,57
9736,65
2015,105
2358,10
1891,44
3185,93
5066,63
7033,16
1528,8
1166,46
3235,35
6928,99
4945,82
292,82
9158,110
74,40
1,78
5421,54
8666,49
3249,86
6818,82
8226,22
9710,10
9913,43
9368,15
124,54
5119,97
9895,80
3338,63
4033,56
8676,81
538,61
3775,80
9117,12
4617,72
2100,104
1651,32
5359,43
6831,3
9739,89
2972,46
9589,93
5310,53
5540,57
9259,74
2325,25
9825,57
261,66
7224,80
6933,61
5245,65
8861,26
5426,27
8750,8
3991,12
3226,30
545,46
863,5
4257,108
8183,10
663,28
7879,93
2296,9
7767,19
2198,80
8829,8
620,94
9033,27
2187,44
7577,23
633,53
8119,94
8569,40
3755,5
4213,70
1552,49
7034,9
2196,25
2204,46
3650,14
8749,87
3670,48
865,90
1868,70
9325,94
7642,48
9956,75
8113,81
2427,69
318,67
9592,78
1283,87
1793,25
4715,21
2716,42
8365,12
2353,89
6216,21
166,97
5273,44
7313,28
4028,36
28,108
4575,42
9984,44
9077,42
8628,74
7567,117
6123,32
2704,22
2729,104
6349,37
4520,51
7480,104
3414,88
5652,80
2655,52
9275,7
6290,57
136,80
7128,39
1746,76
5556,31
8007,103
4855,8
2864,70
5863,31
9321,7
2101,108
9355,10
2921,26
7640,57
4687,14
4542,41
4664,18
1488,51
544,60
7016,102
8133,56
3098,67
8192,75
9127,90
9048,29
6869,23
1214,13
13,18
3494,22
4306,94
8217,13
3409,55
8107,38
1523,98
8164,61
1227,124
2164,70
321,64
4459,51
4747,14
728,25
3713,81
5839,23
8984,77
3727,73
8649,112
6550,47
9296,16
9326,59
6363,43
6999,51
1021,75
2361,16
1141,82
8499,92
4781,108
3561,61
9070,88
891,63
163,40
1319,10
1858,21
1645,25
5323,88
4379,7
5581,26
6035,81
7008,45
8674,89
5861,24
1170,21
5003,4
8250,38
4993,10
8090,71
1929,69
808,12
7794,20
2749,24
6379,87
9633,39
2515,69
8459,34
4404,61
4342,29
5927,94
5496,44
1195,91
4142,19
977,22
1713,58
6816,83
70,49
6537,30
4838,25
6597,51
9306,22
1795,26
5545,78
1205,41
1926,55
7378,81
9926,38
5554,44
6871,114
8947,92
903,45
1972,74
8480,74
9893,56
2553,90
1975,50
1644,32
6859,25
5832,45
4275,47
5694,58
5535,18
9743,78
826,83
5252,25
4383,34
2605,66
3431,93
6369,72
7897,109
9664,50
939,94
8021,60
2472,112
2782,29
3819,40
7458,60
4348,114
7509,13
4745,71
8210,112
2247,17
4392,67
2261,23
3090,114
344,76
1154,31
7171,47
660,92
4010,35
1077,98
6551,45
7360,76
8961,35
5757,42
9407,32
4896,30
1653,30
2199,9
2668,53
3872,59
9416,6
1513,35
5165,36
8212,44
2885,98
1507,7
698,74
3983,29
6502,79
6765,106
3348,66
2138,32
3169,19
2289,82
5909,81
7813,99
5847,10
7004,102
6070,24
4719,20
1925,72
2955,103
3566,27
7121,104
5772,37
259,40
1841,37
5298,66
7277,30
9919,77
6078,39
7336,55
7483,80
9724,73
2419,46
6535,17
7564,95
1641,10
525,72
3531,6
1671,34
639,59
579,74
810,65
2342,65
1120,90
1516,98
8768,25
7418,61
1730,97
1284,68
9839,53
1604,75
3343,79
3127,29
6575,63
2652,49
8620,39
2850,36
1010,48
5232,87
9236,42
752,33
889,20
6702,91
9191,84
249,40
1341,67
8538,81
9712,8
1760,95
7558,60
958,46
3682,32
2687,37
6762,83
2564,89
1228,117
8846,43
9588,27
7954,83
3639,59
9608,93
2241,40
9196,28
1818,52
3596,89
2755,24
5710,15
3081,14
7361,83
6677,54
3593,58
6211,51
1561,39
7648,96
811,68
9890,77
7296,105
8078,59
203,74
9001,9
6084,77
6589,50
3649,42
2123,63
4502,20
4145,73
7928,20
3404,52
5526,13
1162,102
8593,80
366,29
2313,69
4091,82
6930,17
9575,7
9856,36
8079,86
7606,63
6673,75
5666,45
2270,84
4432,52
4233,43
1666,92
3709,38
6815,55
2105,100
7054,83
4634,23
8410,81
1549,56
8996,79
2463,40
5507,20
6299,89
2424,58
5649,75
6885,38
3972,88
5933,11
3442,43
5698,47
864,82
982,100
1106,46
421,100
2308,12
4629,27
146,102
5325,2
2441,10
3327,13
499,70
4034,87
6522,32
5193,72
332,53
7386,18
7273,84
7708,25
8260,48
902,22
8546,86
3174,41
1558,47
9896,36
4503,72
6199,83
4515,66
3575,45
1139,77
517,65
1791,37
1846,79
5497,83
1435,24
9578,67
1822,85
8828,39
4667,10
7344,85
462,65
5004,111
9203,30
4488,27
4068,11
4169,84
7945,46
921,80
2801,53
7667,40
6772,11
879,12
7565,6
2381,21
6720,80
2171,86
5247,26
3642,10
9043,97
9582,53
402,43
6668,82
149,84
194,8
6523,11
586,22
8109,21
274,16
7410,16
6470,9
7758,94
5125,45
349,32
2024,25
6157,66
9261,82
1150,86
4485,79
7652,50
7208,102
82,8
2109,36
5270,28
6658,87
8439,87
3977,28
650,63
4253,67
286,94
473,93
143,18
7279,18
4246,82
2802,54
809,38
1270,42
7175,42
2019,76
4776,27
6427,85
8230,5
4111,33
265,65
4893,41
8535,15
8218,8
4864,17
1723,38
2436,33
3888,46
6245,93
4734,5
7841,49
5786,30
2690,109
5973,70
2426,12
6183,9
46,40
4603,112
9486,39
2032,38
3008,23
5645,13
2865,73
9656,44
1316,56
4092,61
2665,54
5999,47
4247,82
5883,66
4064,48
9484,69
5097,71
6882,90
8077,75
8473,41
9356,49
7688,69
395,93
4659,85
5030,29
4865,29
3683,38
5103,80
9234,24
4845,32
9770,60
1712,57
3467,29
5362,78
5357,13
3504,85
6516,51
3884,37
6450,78
7196,69
8989,56
4900,60
3779,89
2440,10
2924,96
31,12
1176,86
4689,87
3175,69
9068,33
8621,49
2211,46
6229,52
7446,8
3439,7
8626,33
6752,15
9244,78
5326,39
896,52
9256,23
6884,22
5870,48
7444,58
4613,87
817,17
1063,96
6541,21
2185,7
8583,97
4686,52
4944,98
3255,96
4341,12
3614,80
6237,38
5835,47
6876,103
3880,53
605,73
3544,64
3192,61
1019,9
9732,67
7692,10
7389,72
9431,66
6445,33
1909,36
3493,9
914,25
6171,15
8772,81
5559,73
3292,77
7551,102
9702,19
161,77
3496,46
9162,36
7828,83
410,66
4378,12
2711,79
8629,12
4828,71
2625,84
2656,34
8243,83
3852,27
2488,70
7804,25
2506,12
9476,44
2619,110
5684,38
4530,74
7955,70
9088,60
6593,27
8637,78
4397,89
8379,30
8134,92
9755,28
8900,92
9182,25
3749,66
4164,29
8338,53
3547,77
1358,33
4965,74
6579,45
5501,48
9563,56
4518,94
6527,98
1220,51
4192,42
9161,48
7989,37
5538,61
3777,46
5452,86
7329,50
4879,28
4126,69
362,26
7305,28
2394,84
4470,9
5705,86
9007,51
9753,72
5871,73
2838,31
5729,72
561,65
2937,55
2459,94
4130,93
5120,71
2043,66
950,86
4416,97
7209,15
1574,73
3326,14
9757,76
1839,99
5619,75
8997,114
9383,45
7895,125
2616,20
2714,23
9791,64
8385,26
6748,14
3000,7
2359,87
2085,54
5775,95
2800,41
5344,30
6867,74
9380,45
474,72
584,21
2847,29
1635,109
1344,42
8756,50
1573,68
3037,63
5506,87
72,41
9093,69
3731,34
7355,88
4264,26
9080,7
9841,10
881,23
1830,40
4096,25
4602,80
828,7
8374,102
857,35
7021,9
6420,52
8255,101
4113,5
3808,97
3609,43
6443,23
5142,17
7211,11
5908,81
7523,60
9864,33
5411,7
1407,56
6122,46
2915,34
3015,28
1499,11
6969,62
9216,100
1547,73
6951,62
6091,46
2552,10
873,91
7881,18
38,43
2744,90
3534,81
2615,33
2103,83
851,34
1937,99
461,12
7450,11
1373,29
7982,88
9254,17
7785,47
4408,50
5409,83
6486,9
818,59
7126,105
9969,53
938,94
4255,84
6193,83
3994,45
9166,24
9270,109
8436,44
5294,49
8675,86
5240,22
5543,30
6560,83
4529,14
1742,98
9513,48
1428,43
3468,10
386,23
1866,46
9055,56
6861,121
7459,43
5844,69
1325,12
6008,88
1169,34
1896,93
5823,12
2835,63
9075,71
8953,8
4405,39
5334,56
16,43
2869,73
6953,52
7887,10
3285,53
4384,26
3617,59
4296,83
6837,48
4550,111
306,77
8713,99
2967,25
407,62
3399,52
1678,78
311,75
9870,62
624,105
7855,84
2449,32
2310,53
6500,7
3788,64
3667,91
7705,64
1475,25
8417,31
1575,77
9909,112
328,21
6472,26
7445,73
8043,10
2632,77
2689,20
9179,38
1928,118
1183,28
5730,107
8314,48
5105,12
8420,17
1531,53
2987,84
7142,90
8823,57
4548,92
465,41
190,37
9450,16
4611,47
1274,73
969,85
1769,24
9960,57
6821,38
9267,66
9550,10
2406,29
1095,70
6566,39
3307,69
3359,7
2087,94
5061,65
2938,73
5756,49
9894,98
6653,37
6892,15
8305,50
8294,59
8870,105
3337,32
2518,101
6865,4
6834,12
64,38
3577,91
8601,53
5292,68
7460,73
7978,67
684,113
200,33
4453,52
9083,48
5601,97
4766,32
4086,109
7371,77
7100,60
8258,76
2805,46
4771,39
3094,72
4224,73
2795,69
8598,51
367,92
1803,47
6336,30
8450,21
8022,69
562,48
2984,80
9181,41
8042,44
2379,9
4812,37
1178,12
9675,62
3331,26
6721,106
9807,32
1094,101
2675,69
8059,40
7517,8
6056,78
6877,8
2514,12
9514,95
9618,68
8869,41
1686,75
598,85
971,34
8477,44
9227,31
396,45
1333,36
4522,94
1416,67
4916,47
1371,23
291,34
9273,9
3314,18
9208,103
2824,50
7946,91
1620,21
6213,72
8825,26
6096,74
4434,58
53,72
380,104
1380,54
6909,36
2153,95
5741,67
3503,47
3797,49
7264,56
4511,67
6778,54
8051,104
2561,25
3353,106
1426,22
4015,83
2116,19
5172,90
3827,70
6718,45
3789,64
1860,58
7098,43
6391,31
1297,15
8854,48
338,9
9098,45
2507,31
8955,69
693,36
7375,41
5306,63
1370,64
3502,42
3630,80
6296,58
7455,44
8874,57
2653,28
8209,30
4867,8
7379,25
4628,84
4816,63
2530,61
1145,49
8895,27
934,56
5135,47
9609,80
2128,10
5018,18
4151,16
4080,81
1543,76
5603,4
7816,21
2162,94
2047,80
5641,128
1774,74
3202,29
5015,97
9290,8
8277,50
738,31
7934,74
1406,91
5020,75
5175,121
8657,84
4861,39
536,17
9963,96
8057,53
2429,16
3161,7
8041,55
3224,63
5180,8
8859,98
9795,73
9612,66
4481,58
236,55
5578,93
8559,12
6998,81
4149,93
507,48
1058,72
1467,68
5965,74
4796,94
5502,47
8184,63
7686,64
171,99
8269,90
9453,65
1018,9
1663,87
1630,71
5955,8
112,60
2174,29
8793,84
6873,53
7738,72
5021,17
94,64
6097,42
3893,71
464,49
4114,49
4800,64
6680,27
7442,19
258,23
7848,64
93,37
3815,21
4936,56
4235,75
3753,12
1623,67
5290,127
6192,47
7697,94
4210,44
2214,86
2692,108
3680,27
907,68
240,22
980,27
3869,8
5616,24
5308,44
3397,31
6150,69
3821,48
6559,6
8257,34
5934,99
740,15
2723,25
1459,19
495,86
8741,44
358,44
2421,72
9640,41
798,42
3425,10
6632,86
2408,45
7127,59
1856,46
3430,24
5351,72
5427,92
7752,41
2936,24
488,39
659,19
5643,23
6499,92
3626,23
9667,43
8438,80
8153,100
4858,47
1714,53
4279,96
8096,52
9446,53
1790,99
4826,42
1976,46
2908,12
3288,90
5843,50
858,66
8234,4
7456,54
1144,91
1799,36
8851,43
700,40
4311,28
3759,99
6019,60
6006,87
6536,48
9194,83
4950,45
8350,82
55,69
960,52
6219,26
1011,100
6989,100
9613,111
4938,10
8225,78
1758,36
4608,115
9615,66
2766,50
5259,27
2477,85
5241,45
109,28
8233,83
365,82
2748,62
2432,106
9981,40
4340,109
8663,29
197,41
7780,22
1654,67
3470,102
2720,79
3193,27
3568,68
8464,49
7906,114
5056,104
1335,16
7400,10
1060,32
6214,90
5808,98
7806,26
1404,90
830,53
2237,62
2254,18
4920,37
761,10
9881,122
7145,104
691,22
8070,37
3515,56
5780,50
7245,68
3085,39
2136,91
1003,16
3223,99
170,13
3849,75
4135,62
6542,56
3726,74
508,100
2437,54
8283,63
8882,43
8309,19
5608,31
7913,39
2956,56
180,89
8690,60
1639,71
1439,47
6717,14
6948,6
1878,35
2719,38
1068,73
3092,26
9472,63
6847,60
3841,31
61,71
6099,52
4417,62
9010,77
8455,9
6210,92
4215,16
1664,55
3619,51
5453,78
4349,75
2012,47
4046,10
5064,30
101,10
3793,107
8594,32
2390,48
8448,7
47,31
9159,91
5146,110
7125,19
2747,42
7609,95
6397,94
7237,110
7205,38
1322,38
5723,42
8301,102
3417,44
7276,88
1870,80
6889,17
2264,73
2859,44
874,12
314,55
1974,48
8948,89
1168,33
2451,69
5117,100
4249,29
9220,47
9225,97
1113,65
7449,69
1239,70
5305,113
4837,10
7617,78
390,46
1767,32
3514,83
6651,61
6705,65
8942,82
1814,81
6941,72
2853,66
3436,54
1356,56
4292,106
3144,86
4983,18
2547,62
5058,24
5885,78
1983,87
69,75
87,80
8066,85
3258,43
1008,50
5938,23
6921,67
1149,37
2373,20
2016,32
4336,36
4205,92
2490,74
3805,56
4506,50
3974,46
2896,82
2780,34
9215,70
827,37
34,50
4006,22
1126,47
9533,16
8154,60
7966,12
5218,58
6578,41
8123,95
1253,36
4802,10
6489,9
5568,68
3391,88
9685,35
1266,11
1224,96
2425,6
7675,86
4465,65
9173,10
5377,95
794,27
1835,8
7883,88
2074,85
8478,36
7250,89
2430,53
543,79
3215,60
4212,96
1582,55
2273,109
9471,37
7792,72
966,35
1874,30
5352,19
6937,30
8245,53
476,65
2299,7
5906,42
5432,38
6335,55
1918,59
4039,14
6129,95
6352,9
1553,26
9053,26
215,104
4762,59
8964,11
2493,97
7323,77
1354,61
3730,10
3176,71
7278,21
3182,41
7180,85
5508,24
855,64
8318,17
6805,55
3297,34
9637,21
9801,16
3265,109
4752,92
606,62
9128,83
2785,60
2341,84
3654,60
7849,58
5846,53
6204,31
7183,40
2965,79
4052,42
2565,38
416,62
1996,105
6185,87
7818,81
5981,52
5254,85
1916,63
6400,55
6965,84
940,46
305,69
3618,57
2291,39
8802,48
3096,82
4512,110
9831,37
3926,85
6945,78
7159,9
1300,93
7307,63
1777,23
9353,70
2681,56
6025,41
2197,38
7578,69
3429,25
8054,59
8474,51
5793,52
1133,65
7238,111
5750,9
9891,27
6052,57
470,116
5683,49
5161,111
7435,98
8993,96
4777,56
5515,94
2733,59
2028,34
2538,26
6065,22
4370,27
5552,67
5379,98
4984,88
9087,103
3671,90
7937,77
4901,97
6191,80
4830,77
819,67
1264,24
6607,107
3881,25
4803,9
8131,72
5156,100
8512,41
836,11
9465,62
6849,29
4682,23
7541,5
7420,98
5002,18
2172,28
5439,108
5803,78
8302,17
1566,86
9312,8
1236,90
6399,85
7392,64
1749,55
2884,91
3859,10
2686,103
1755,32
5688,53
9469,102
1884,57
7643,43
3045,62
4165,76
5198,65
6547,34
2150,30
7584,86
8873,110
1216,25
9458,49
7531,76
838,87
6058,14
9165,77
275,34
1027,38
7559,28
3958,88
3510,43
9559,21
9400,53
9013,88
2054,10
8941,75
9523,75
1250,9
4175,47
2563,47
5031,60
5485,79
7755,7
2501,72
6657,53
2701,42
3239,63
4244,93
1731,14
4001,33
6373,30
3461,69
2732,94
6728,27
4588,82
7622,70
5676,93
3379,9
6360,43
9186,35
9226,15
8268,31
7768,81
1482,83
2764,20
7870,56
6860,71
5371,81
4350,22
5374,71
8513,72
9487,12
6622,38
9678,105
2600,28
8491,113
9518,48
7923,96
7234,26
3741,46
6426,65
3317,44
2137,86
3038,72
3357,23
5778,78
3477,27
1781,110
5685,17
9384,29
9485,87
3466,52
6929,82
1692,76
9167,33
5078,51
3586,108
5516,45
4914,8
5932,80
6337,77
4280,49
4892,22
582,68
2385,9
2580,77
6505,57
539,5
2761,37
371,72
1119,50
1450,117
5963,34
3603,100
6893,82
3986,78
9967,66
1237,59
5717,48
9792,60
1994,72
3151,63
1454,82
6662,59
5187,83
89,76
8177,63
5065,54
7720,106
564,66
2866,49
8033,73
441,67
2978,25
2351,87
5140,75
6440,81
8125,6
1355,77
1175,81
9554,25
99,66
8087,48
5269,17
7770,4
8754,20
1978,57
4500,40
6491,101
9955,50
6565,51
304,81
48,94
721,12
9646,22
1158,98
8498,104
3113,102
6623,85
7664,42
9092,57
9957,39
2104,42
2894,82
3351,32
2621,61
4354,10
1661,54
4055,102
5747,78
2872,70
2776,74
8745,85
6263,69
3662,17
6054,40
8222,79
6982,105
7963,81
8699,68
3244,14
9677,101
7235,88
4843,15
947,97
3047,28
8902,69
1771,34
4706,29
831,44
9030,24
2324,31
6812,11
6644,74
904,45
1131,48
2988,90
3740,62
1309,86
6529,56
7001,66
8291,91
4099,23
9587,76
9814,55
7930,68
8778,101
7571,66
2438,63
6908,80
4625,92
5332,54
6872,25
2294,84
9308,46
4326,46
6572,6
2672,29
3059,59
2130,15
1532,14
3020,56
7917,25
4454,77
8526,114
2280,47
8658,9
9762,92
9298,65
4526,87
3848,63
5348,8
4154,28
4735,40
5261,20
3012,32
7581,7
1447,39
6574,95
2250,94
8346,84
3594,103
9302,14
1500,78
9491,24
7470,45
4884,77
8679,28
6429,9
3389,44
8028,83
2312,100
4112,7
5210,68
5229,69
720,70
5251,88
9571,31
7144,48
2173,39
5945,78
3782,10
76,70
3737,36
6280,53
210,66
5700,24
690,36
6716,98
3537,23
9272,101
3026,90
4309,62
929,57
6544,8
7260,80
2263,81
9572,43
4660,49
8524,32
9358,49
1590,76
5236,32
5001,95
997,21
5862,95
4786,26
5034,20
7020,40
9520,101
460,11
5024,11
3644,32
5650,74
6740,47
343,37
150,34
4119,90
1423,96
9647,47
3067,29
924,44
254,53
3257,96
8395,50
1001,93
9239,44
3993,74
7412,32
5984,35
1497,33
5761,67
5413,20
7438,72
4466,47
1028,25
860,84
9480,19
1394,75
780,73
6862,14
8652,44
1851,34
7086,87
714,34
1933,38
7683,51
3464,22
281,24
3570,30
7326,104
8428,35
9700,63
1879,44
6591,28
1090,76
6655,64
6852,59
9787,7
7113,22
7789,89
7397,58
9439,100
8191,58
959,8
4562,67
2647,14
5025,10
299,48
5663,26
7732,72
8121,93
9567,23
7750,27
2959,40
1985,74
1603,30
8591,62
1594,68
6224,56
5129,24
2794,74
1960,23
43,13
3840,17
9286,10
1287,79
4974,30
4551,80
5746,70
3506,92
4619,80
3832,109
9786,72
172,81
8992,88
3315,99
8236,35
8466,7
2132,8
570,37
2414,72
6293,62
6880,57
5896,85
8614,95
3971,25
4997,32
4932,36
2374,92
5370,59
6453,74
309,67
97,115
336,17
2175,95
3990,37
705,106
2737,92
9285,80
6385,75
600,102
5138,85
1581,68
4941,83
5127,9
2225,72
683,22
3097,22
5531,86
5840,21
736,87
1762,15
3911,6
1703,38
120,87
551,34
7073,17
7089,75
6130,96
313,97
8610,30
6005,27
364,33
4451,24
2189,10
8518,76
7157,69
1409,20
1802,52
8839,9
1196,87
8645,95
9427,15
4066,83
8386,13
3295,24
4461,23
786,47
5589,33
7287,97
1675,88
3128,44
3921,102
4323,46
1815,4
3750,59
2277,79
4704,12
5480,55
2475,45
3598,35
1973,76
6480,76
3962,53
3629,34
7838,68
7259,21
2338,19
1917,69
5005,74
941,61
5993,107
3093,28
6430,8
8281,74
8867,10
6606,103
9989,35
2745,17
7465,14
7561,81
4104,80
4355,26
7017,23
1745,58
73,24
1415,34
5998,76
7656,25
7999,11
747,53
6553,10
7109,5
2525,53
8027,10
9495,87
7015,43
3035,71
3900,89
5114,14
7301,12
7382,97
7682,84
823,78
9457,78
795,30
3690,92
6081,14
9783,82
3142,46
7067,10
5406,5
9691,64
4136,24
1372,73
5132,60
8453,7
6256,73
132,60
1614,60
1683,41
2183,22
1627,26
